id,_3_4_methylene_dioxy_methylamphetamine,cafeine,couleur,heroine,noscapine,paracetamol
4,,29.35,Beige,3.3,2.6,58.75
5,,29.35,Beige,3.3,2.6,58.75
6,,29.35,Beige,3.3,2.6,58.75
7,,29.35,Beige,3.3,2.6,58.75
8,,28.76,Beige,4.6,3.63,58
9,,28.76,Beige,4.6,3.63,58
10,,28.76,Beige,4.6,3.63,58
20,,29.35,Beige,4.4,3.05,56.7
21,,29.35,Beige,4.4,3.05,56.7
31,,30.1,Beige,7.7,,57.9
37,,27,Beige,8.1,5.65,45.05
38,,27,Beige,8.1,5.65,45.05
51,,26,Beige,13,9,48
141,,18.7,Beige,24.5,10.9,35.3
144,,21.2,Beige,21.8,10.4,39.4
157,,30.3,Beige,6.1,0,56.7
158,,30.3,Beige,6.1,0,56.7
159,,28.9,Beige,10.1,0,49.8
187,,25.8,Beige,13.5,5.3,50.3
191,,20.7,Beige,21.9,8.8,40.6
192,,22.5,Beige,18,9.6,44.9
193,,22.5,Beige,18,9.6,44.9
194,,22.5,Beige,18,9.6,44.9
195,,24.3,Beige,15.2,9.4,49.1
196,,24.3,Beige,15.2,9.4,49.1
197,,30.1,Beige,11.8,7.2,46.6
198,,23.2,Beige,17.5,7.2,45.9
199,,23.1,Beige,17.6,7.2,45.4
200,,34.7,Beige,0,,66.9
201,,23.1,Beige,14.5,9.9,48.8
202,,21,Beige,21.6,10.3,39.2
203,,21,Beige,21.6,10.3,39.2
207,,20.3,Beige,20.5,10.2,39.2
209,,,Beige,51,33.7,
213,,24.6,Beige,15,9,48.3
219,,27.2,Beige,11.4,5.3,53.5
295,,25,Beige,14.9,9.2,49
320,,33,Beige,0,0,63
321,,33,Beige,0,0,63
322,,33,Beige,0,0,63
323,,33,Beige,0,0,63
324,,33,Beige,0,0,63
325,,33,Beige,0,0,63
326,,33,Beige,0,0,63
347,,30,Marron,6,0,61
348,,30,Marron,6,0,61
349,,30,Marron,6,0,61
350,,30,Marron,6,0,61
351,,30,Marron,6,0,61
360,,29.9,Beige,4.3,0,56.8
372,,22.4,Beige,16.5,7.6,44.1
376,,30.5,Beige,7,0,57.6
379,,22.1,Beige,32.1,5.7,38.3
497,,25.5,Beige,8.1,6.6,47.3
498,,25.2,Beige,8.1,6.4,46.8
499,,25.2,Beige,8.1,6.4,46.8
500,,25.2,Beige,8.1,6.4,46.8
501,,25.2,Beige,8.1,6.4,46.8
502,,25.2,Beige,8.1,6.4,46.8
533,,31.4,Beige,0,0,59.2
534,,32,Beige,3.3,0,61.1
535,,11,Beige,49.7,11.1,8.7
548,,23,Autre,6.6,5.2,46.6
549,,23.6,Autre,7.5,5.7,47.2
757,,16,Beige,30,15,31
822,,29,Beige,8.9,0,53.8
823,,29,Beige,8.9,0,53.8
824,,29,Beige,8.9,0,53.8
825,,29,Beige,8.9,0,53.8
895,,,Marron,55.9,19.5,
896,,,Beige,55.5,23.8,
897,,22.1,Beige,19,9,42.8
898,,36,Beige,0,,69.1
913,,,Beige,54,22,2
914,,26.6,Marron,10.1,0,57.6
1028,,20,Beige,22.3,13.7,32
1030,,36.2,Beige,0,,70.1
1051,,22.95,Beige,14.4,7.9,44.85
1052,,22.95,Beige,14.4,7.9,44.85
1057,,28.4,Beige,10,,56.4
1058,,28.4,Beige,10,,56.4
1070,,,Beige,61.6,21.4,
1071,,,Beige,61.6,21.4,
1072,,,Beige,61.6,21.4,
1073,,24.2,Beige,18.4,6.8,46.2
1093,,0,Marron,56.5,17,0
1094,,26.3,Beige,11.6,0,49.9
1095,,25.6,Beige,11.2,0,48.8
1101,,0,Blanc Cassé,0,,
1102,,20.8,Marron,6.8,0,34.6
1110,,21.8,Marron,8,0,40.9
1111,,17.1,Beige,22.8,13.9,32.7
1112,,17.1,Beige,22.8,13.9,32.7
1113,,17.1,Beige,22.8,13.9,32.7
1114,,17.1,Beige,22.8,13.9,32.7
1115,,17.1,Beige,22.8,13.9,32.7
1116,,17.1,Beige,22.8,13.9,32.7
1117,,17.1,Beige,22.8,13.9,32.7
1118,,17.1,Beige,22.8,13.9,32.7
1119,,17.1,Beige,22.8,13.9,32.7
1120,,17.1,Beige,22.8,13.9,32.7
1121,,17.1,Beige,22.8,13.9,32.7
1136,,21.2,Beige,14.5,7.7,41.3
1137,,21.2,Beige,14.5,7.7,41.3
1138,,21.2,Beige,14.5,7.7,41.3
1139,,21.2,Beige,14.5,7.7,41.3
1140,,21.2,Beige,14.5,7.7,41.3
1141,,21.2,Beige,14.5,7.7,41.3
1142,,21.2,Beige,14.5,7.7,41.3
1143,,21.2,Beige,14.5,7.7,41.3
1144,,21.2,Beige,14.5,7.7,41.3
1145,,21.2,Beige,14.5,7.7,41.3
1185,,29.7,Marron,5.2,0,60
1186,,29.7,Marron,5.2,0,60
1194,,29.8,Marron,5.1,0,59.4
1197,,29.8,Marron,5.1,0,59.4
1198,,29.8,Marron,5.1,0,59.4
1210,,29.9,Marron,5,0,59.6
1211,,29.9,Marron,5,0,59.6
1253,,26.1,Beige,13.6,5.8,53.3
1278,,23.5,Beige,13.8,6.5,49
1279,,23.5,Beige,13.8,6.5,49
1280,,23.5,Beige,13.8,6.5,49
1281,,23.5,Beige,13.8,6.5,49
1282,,17.85,Beige,24.7,10.8,37.45
1283,,17.85,Beige,24.7,10.8,37.45
1288,,32.9,Beige,0,0,61.8
1289,,27.6,Beige,10.1,0,54.7
1290,,27.6,Beige,10.1,0,54.7
1291,,27.6,Beige,10.1,0,54.7
1292,,27.6,Beige,10.1,0,54.7
1293,,27.6,Beige,10.1,0,54.7
1294,,27.6,Beige,10.1,0,54.7
1295,,27.6,Beige,10.1,0,54.7
1297,,31.4,Beige,4.4,0,62.3
1298,,31.8,Beige,4.4,0,63.4
1299,,9,Beige,41.3,16.5,17.6
1300,,9,Beige,41.3,16.5,17.6
1301,,9,Beige,41.3,16.5,17.6
1304,,29.4,Beige,6.9,0,59.1
1305,,29.3,Beige,4.5,0,58.4
1306,,31.2,Beige,4.6,0,62.6
1307,,31.3,Beige,3.5,0,63.1
1319,,24.24,Beige,11.6,5.3,49.9
1320,,24.24,Beige,11.6,5.3,49.9
1321,,24.24,Beige,11.6,5.3,49.9
1322,,24.24,Beige,11.6,5.3,49.9
1323,,24.24,Beige,11.6,5.3,49.9
1360,,,Beige,59,21.3,
1404,,22.1,Beige,15,9.2,43.7
1405,,22.1,Beige,15,9.2,43.7
1406,,22.1,Beige,15,9.2,43.7
1407,,22.1,Beige,15,9.2,43.7
1408,,22.1,Beige,15,9.2,43.7
1409,,22.1,Beige,15,9.2,43.7
1410,,22.1,Beige,15,9.2,43.7
1411,,22.1,Beige,15,9.2,43.7
1412,,22.1,Beige,15,9.2,43.7
1413,,22.1,Beige,15,9.2,43.7
1414,,22.1,Beige,15,9.2,43.7
1415,,22.1,Beige,15,9.2,43.7
1416,,22.1,Beige,15,9.2,43.7
1417,,22.1,Beige,15,9.2,43.7
1418,,22.1,Beige,15,9.2,43.7
1419,,22.1,Beige,15,9.2,43.7
1420,,22.1,Beige,15,9.2,43.7
1421,,22.1,Beige,15,9.2,43.7
1422,,22.1,Beige,15,9.2,43.7
1423,,22.1,Beige,15,9.2,43.7
1424,,22.1,Beige,15,9.2,43.7
1425,,22.1,Beige,15,9.2,43.7
1426,,22.1,Beige,15,9.2,43.7
1427,,22.1,Beige,15,9.2,43.7
1474,,,Marron,8.1,,
1475,,,Marron,8.1,,
1476,,,Marron,8.1,,
1477,,,Marron,8.1,,
1478,,,Marron,8.1,,
1479,,,Marron,8.2,,
1480,,,Marron,8.2,,
1481,,,Marron,8.2,,
1482,,,Marron,8.2,,
1483,,,Marron,8.2,,
1484,,,Marron,9.6,,
1485,,,Marron,9.6,,
1486,,,Marron,9.6,,
1487,,,Marron,9.6,,
1488,,,Marron,9.6,,
1489,,,Marron,9.7,,
1490,,,Marron,9.7,,
1491,,,Marron,9.7,,
1492,,,Marron,9.7,,
1493,,,Marron,9.7,,
1494,,,Marron,6.1,,
1495,,,Marron,6.1,,
1496,,,Marron,6.1,,
1497,,,Marron,6.1,,
1498,,,Marron,6.1,,
1499,,,Beige,14.3,,
1500,,,Beige,14.3,,
1506,,,Beige,11,,
1507,,,Beige,12.1,,
1508,,,Beige,12.2,,
1509,,,Beige,11.6,,
1510,,,Beige,10.9,,
1511,,,Beige,12.6,,
1512,,,Beige,13.4,,
1513,,,Beige,61.4,18.9,
1514,,23.6,Beige,17.6,5.2,49.7
1517,,27.3,Beige,9.3,4,56.4
1518,,27.3,Beige,9.3,4,56.4
1519,,27.3,Beige,9.3,4,56.4
1520,,27.3,Beige,9.3,4,56.4
1545,,29.7,Beige,7.3,0,59.4
1546,,32.8,Beige,0,0,60.7
1547,,27.6,Beige,10.1,0,54.7
1548,,32.8,Beige,0,0,60.7
1549,,31.4,Beige,4.4,0,62.3
1550,,31.4,Beige,4.4,0,62.3
1551,,31.4,Beige,4.4,0,62.3
1552,,31.4,Beige,4.4,0,62.3
1560,,4.8,Beige,48.4,24.1,9.2
1561,,4.8,Beige,48.4,24.1,9.2
1562,,4.8,Beige,48.4,24.1,9.2
1563,,4.8,Beige,48.4,24.1,9.2
1564,,4.8,Beige,48.4,24.1,9.2
1565,,4.8,Beige,48.4,24.1,9.2
1566,,4.8,Beige,48.4,24.1,9.2
1567,,4.8,Beige,48.4,24.1,9.2
1568,,,Beige,56.3,29.6,
1569,,,Beige,56.3,29.6,
1574,,26.7,Beige,11,0,54
1575,,26.7,Beige,11,0,54
1576,,26.7,Beige,11,0,54
1577,,26.7,Beige,11,0,54
1578,,29.1,Beige,7.3,0,58.4
1579,,29.1,Beige,7.3,0,58.4
1580,,29.1,Beige,7.3,0,58.4
1581,,,Beige,61,24.2,
1582,,,Beige,60.8,24.4,
1588,,0,Beige,0,,0
1598,,,Beige,80.2,6.4,
1599,,,Beige,80.2,6.4,
1600,,,Beige,80.2,6.4,
1601,,,Beige,80.2,6.4,
1602,,,Beige,80.2,6.4,
1603,,,Beige,80.2,6.4,
1604,,,Beige,80.2,6.4,
1605,,,Beige,80.2,6.4,
1606,,,Beige,80.2,6.4,
1607,,,Beige,80.2,6.4,
1608,,,Beige,80.2,6.4,
1724,,16,Beige,29,15,29
1725,,16,Beige,29,15,29
1726,,16,Beige,29,15,29
1727,,0,Marron,55.9,23.7,0
1764,,26.5,Beige,13.2,0,51
1765,,26.5,Beige,13.2,0,51
1766,,19.5,Marron,21.9,10.5,41.2
1770,,17,Beige,17,13,27
1771,,17,Beige,17,13,27
1772,,17,Beige,17,13,27
1775,,,Beige,52,30,
1776,,,Beige,52,30,
1778,,30,Beige,2,3,58
1780,,33,Beige,1,1,63
1781,,30,Beige,2,3,58
1784,,25.5,Beige,9.4,9.1,49.9
1786,,24.5,Beige,13.9,5.2,46.9
1870,,21.7,Beige,19.2,0,41.8
1874,,23.9,Beige,15.3,5.6,45.6
1875,,0,Marron,37.4,40.7,0
1898,,24.2,Beige,13.5,5.4,47.1
1917,,6.3,Beige,48.7,20.7,8.7
1918,,6.3,Beige,48.7,20.7,8.7
1919,,23.8,Beige,10.5,0,50.6
1992,,28,Beige,11.7,6.1,52
2025,,11,Marron,41,18,20
2031,,19.6,Beige,20.8,9.9,39.3
2032,,19.6,Beige,20.8,9.9,39.3
2033,,19.6,Beige,20.8,9.9,39.3
2034,,19.6,Beige,20.8,9.9,39.3
2035,,19.6,Beige,20.8,9.9,39.3
2036,,19.6,Beige,20.8,9.9,39.3
2037,,19.6,Beige,20.8,9.9,39.3
2044,,27,Beige,13,6,53
2045,,27,Beige,13,6,53
2046,,27,Beige,13,6,53
2047,,27,Beige,13,6,53
2048,,27,Beige,13,6,53
2049,,27,Beige,13,6,53
2050,,27,Beige,13,6,53
2051,,27,Beige,13,6,53
2052,,27,Beige,13,6,53
2063,,19.6,Beige,18.5,13.5,39.1
2080,,,Marron,59.1,22.7,
2085,,25.9,Beige,14.2,7.8,47.8
2288,,27.5,Marron,9.4,,53
2289,,27.5,Marron,9.4,,53
2290,,27.5,Marron,9.4,,53
2291,,27.5,Marron,9.4,,53
2303,,21.7,Beige,16,6.3,46.5
2304,,27.2,Beige,11.7,0,54.6
2307,,28.6,Beige,6.6,0,59.5
2308,,29.1,Beige,8.4,0,61.4
2309,,29.4,Beige,7.6,0,60.6
2310,,27.6,Beige,7.8,0,54.8
2311,,28.1,Beige,8.7,0,59.8
2312,,27.7,Beige,9.4,0,58.4
2313,,19.9,Beige,18.5,12.8,40.2
2314,,,Beige,58.1,23.9,
2315,,26.7,Beige,11,0,52.7
2321,,21.7,Beige,21.1,8.5,40.3
2322,,21.7,Beige,21.1,8.5,40.3
2323,,21.7,Beige,21.1,8.5,40.3
2324,,21.7,Beige,21.1,8.5,40.3
2325,,21.7,Beige,21.1,8.5,40.3
2326,,21.7,Beige,21.1,8.5,40.3
2327,,27,Beige,8.7,,59.9
2328,,27,Beige,8.7,,59.9
2329,,27,Beige,8.7,,59.9
2330,,27,Beige,8.7,,59.9
2331,,27,Beige,8.7,,59.9
2332,,27,Beige,8.7,,59.9
2333,,27,Beige,8.7,,59.9
2334,,27,Beige,8.7,,59.9
2335,,27,Beige,8.7,,59.9
2336,,27,Beige,8.7,,59.9
2337,,27,Beige,8.7,,59.9
2338,,27,Beige,8.7,,59.9
2339,,27,Beige,8.7,,59.9
2340,,27,Beige,8.7,,59.9
2341,,27,Beige,8.7,,59.9
2342,,27,Beige,8.7,,59.9
2343,,27,Beige,8.7,,59.9
2344,,27,Beige,8.7,,59.9
2345,,27,Beige,8.7,,59.9
2346,,27,Beige,8.7,,59.9
2347,,27,Beige,8.7,,59.9
2348,,27,Beige,8.7,,59.9
2349,,18.9,Beige,21,11.6,37
2350,,18.9,Beige,21,11.6,37
2351,,18.9,Beige,21,11.6,37
2353,,27,Beige,6.9,0,52
2356,,21.3,Beige,17.3,10,42.7
2420,,22.2,Marron,15.5,7.8,48
2436,,26.3,Beige,8,7,50.1
2437,,7,Beige,33.4,28.5,15.1
2478,,16,Marron,25.6,10.5,33.7
2479,,18.1,Marron,24,9,37.5
2480,,17.86,Marron,22.4,9.18,36.56
2481,,17.86,Marron,22.4,9.18,36.56
2482,,17.86,Marron,22.4,9.18,36.56
2483,,17.86,Marron,22.4,9.18,36.56
2484,,17.86,Marron,22.4,9.18,36.56
2529,,20,Beige,18,10,40
2530,,20,Beige,18,10,40
2551,,20.3,Beige,18.2,7.2,44.3
2593,,,Beige,57,24,
2594,,,Beige,55,28,
2595,,,Beige,55,29,
2611,,32.4,Beige,0,0,63.9
2612,,32.4,Beige,0,0,63.9
2614,,14.4,Beige,39.5,21.3,9
2615,,,Beige,52.2,26.7,
2616,,0,Beige,51.1,24.7,3.9
2650,,60,Beige,5.6,3.2,27
2651,,29,Beige,7.5,3,58
2679,,27.2,Marron,8,0,53.3
2680,,27.3,Marron,9.1,0,52.9
2681,,27.3,Marron,9.1,0,52.9
2682,,27.3,Marron,7.9,0,52.9
2683,,27.6,Marron,10.3,0,53.2
2691,,19.1,Beige,36.3,0,20.8
2692,,21.7,Beige,30.8,0,28.8
2694,,23.4,Beige,18.7,6.4,47.5
2696,,23.4,Marron,14.6,9.6,45.4
2698,,25.3,Beige,14.6,6.3,50.4
2699,,17.7,Blanc Cassé,61.3,6.5,
2700,,22.4,Beige,27,0,33.2
2701,,20.4,Marron,32.7,0,30.2
2752,,5.4,Beige,48.2,21.5,9.5
2753,,5.4,Beige,48.2,21.5,9.5
2754,,5.4,Beige,48.2,21.5,9.5
2847,,0,Beige,58.8,23.7,
2848,,0,Beige,58.8,23.7,
2862,,,Beige,57.2,22,
2863,,,Beige,57.2,22,
2864,,,Beige,57.2,22,
2865,,,Beige,57.2,22,
2866,,,Beige,57.2,22,
2867,,29.4,Beige,10.3,0,53.1
2868,,29.4,Beige,10.3,0,53.1
2869,,29.4,Beige,10.3,0,53.1
2870,,30.9,Beige,8,0,55.1
2871,,30.9,Beige,8,0,55.1
2872,,30.9,Beige,8,0,55.1
2873,,25,Beige,15,10,47.5
2874,,27,Beige,14,7,51.5
2875,,27,Beige,14,7,51.5
2897,,,Blanc Cassé,85.9,,
2936,,6.8,Beige,44,23.3,12.8
2937,,6.8,Beige,44,23.3,12.8
2938,,6.8,Beige,44,23.3,12.8
2939,,6.8,Beige,44,23.3,12.8
3055,,19.5,Beige,24.7,0,29.6
3060,,25.3,Beige,3.7,0,49.4
3061,,23.4,Beige,8.7,6,45.4
3062,,23.4,Beige,8.7,6,45.4
3101,,27.6,Beige,7,0,55.3
3128,,19.5,Beige,17.3,13.8,39.9
3129,,26.9,Marron,7.8,4.42,55.92
3130,,26.9,Marron,7.8,4.42,55.92
3131,,26.9,Marron,7.8,4.42,55.92
3132,,26.9,Marron,7.8,4.42,55.92
3133,,26.9,Marron,7.8,4.42,55.92
3241,,28,Beige,9,5,57
3243,,28.4,Beige,6.5,0,55.9
3244,,13.7,Beige,27.2,14.5,26.2
3245,,14.1,Beige,32,15.3,28.4
3246,,28.7,Beige,7.6,0,57.3
3247,,13.6,Beige,28.6,14.8,26.3
3257,,27.4,Marron,9.3,6.5,52.8
3258,,26.7,Marron,9.8,7,51.7
3308,,,Marron,56,27.9,
3310,,25.7,Marron,13.2,6.9,51.4
3311,,23.8,Marron,16.4,8.7,47.1
3314,,31,Beige,4,3,60
3315,,31,Beige,4,3,60
3316,,31,Beige,4,3,60
3317,,31,Beige,4,3,60
3364,,28.26,Marron,7.3,3.83,56.4
3365,,23.3,Beige,15.6,6.2,46.6
3454,,25.3,Beige,12.9,5.4,44.3
3455,,25.5,Beige,11.9,0,44.2
3549,,30.7,Beige,6,2.8,57.9
3550,,30.7,Beige,6,2.8,57.9
3551,,28.7,Beige,9.1,4.3,52
3600,,26,Beige,12.7,5.3,51
3601,,,Beige,48.5,24.5,
3622,,20.8,Beige,10.5,5.6,37.3
3660,,18.35,Beige,25.6,12.05,35.8
3661,,18.35,Beige,25.6,12.05,35.8
3662,,18.35,Beige,25.6,12.05,35.8
3663,,18.35,Beige,25.6,12.05,35.8
3693,,27.9,Beige,6.9,0,53
3694,,27.6,Beige,7.4,0,53.6
3695,,27.6,Beige,7.4,0,53.6
3762,,25.7,Beige,14.9,7,47.5
3840,,23.6,Beige,16.2,10.9,40.1
3841,,23.6,Beige,16.2,10.9,40.1
3842,,23.6,Beige,16.2,10.9,40.1
3843,,23.6,Beige,16.2,10.9,40.1
3844,,23.6,Beige,16.2,10.9,40.1
3845,,23.6,Beige,16.2,10.9,40.1
3846,,23.6,Beige,16.2,10.9,40.1
3847,,23.6,Beige,16.2,10.9,40.1
3848,,23.6,Beige,16.2,10.9,40.1
3849,,23.6,Beige,16.2,10.9,40.1
3850,,23.6,Beige,16.2,10.9,40.1
3851,,23.6,Beige,16.2,10.9,40.1
3852,,23.6,Beige,16.2,10.9,40.1
3853,,23.6,Beige,16.2,10.9,40.1
3854,,23.6,Beige,16.2,10.9,40.1
3855,,23.6,Beige,16.2,10.9,40.1
3856,,23.6,Beige,16.2,10.9,40.1
3857,,23.6,Beige,16.2,10.9,40.1
3858,,23.6,Beige,16.2,10.9,40.1
3885,,34,Beige,0,,68.1
3886,,18.4,Beige,37.3,17.6,12.5
3887,,20.9,Beige,19,9.9,41.6
3888,,7.1,Beige,43.6,21.1,13.9
3889,,23.8,Beige,14.4,7,48.1
4030,,28.6,Beige,5.5,0,56.2
4031,,29.6,Beige,5.6,0,57.9
4032,,29.4,Beige,5.7,0,57.5
4033,,28.8,Beige,5.9,0,56.6
4087,,10.3,Beige,38.5,14.3,19.6
4154,,26.4,Beige,13.1,0,50.1
4182,,27.8,Beige,7.7,0,53.2
4186,,29.1,Beige,8,0,53.4
4244,,,Beige,49.8,25.2,
4245,,20.9,Beige,17.9,9.1,42.5
4246,,20.9,Beige,17.9,9.1,42.5
4247,,20.9,Beige,17.9,9.1,42.5
4248,,20.9,Beige,17.9,9.1,42.5
4290,,19.4,Beige,19.3,10.4,36
4291,,19.4,Beige,19.3,10.4,36
4292,,19.4,Beige,19.3,10.4,36
4293,,19.4,Beige,19.3,10.4,36
4294,,19.4,Beige,19.3,10.4,36
4295,,19.4,Beige,19.3,10.4,36
4296,,19.4,Beige,19.3,10.4,36
4327,,21.7,Beige,27.3,0,32.7
4328,,22,Beige,21,10,44
4329,,22,Beige,21,10,44
4330,,22,Beige,21,10,44
4370,,26,Beige,15,9,49
4371,,24,Beige,13,8,46
4372,,24,Beige,13,7,48
4373,,27,Beige,7,5,50
4374,,27,Beige,7,5,50
4388,,28,Beige,8,4,56
4436,,20.5,Beige,18,9.5,39.1
4437,,23.4,Beige,15.5,8.5,42.4
4477,,21,Beige,27,,40
4478,,,Beige,,,
4480,,20.5,Beige,13.5,7.4,39.4
4511,,25,Beige,13,7,46
4512,,22,Beige,15,10,44
4589,,,Marron,55.6,26.8,
4590,,,Marron,55.6,26.8,
4594,,3.7,Marron,49.9,24.8,7.5
4595,,3.7,Marron,49.9,24.8,7.5
4596,,3.7,Marron,49.9,24.8,7.5
4597,,3.7,Marron,49.9,24.8,7.5
4598,,3.7,Marron,49.9,24.8,7.5
4599,,3.7,Marron,49.9,24.8,7.5
4602,,28.3,Beige,5.6,0,55.9
4684,,24.4,Beige,13.2,8.5,48.1
4685,,24.4,Beige,13.2,8.5,48.1
4686,,24.4,Beige,13.2,8.5,48.1
4687,,18.6,Beige,22.7,14.35,36.5
4688,,18.6,Beige,22.7,14.35,36.5
4693,,,Beige,50.8,26.9,
4702,,21,Beige,19.8,8.6,45.4
4703,,21,Beige,19.8,8.6,45.4
4704,,21,Beige,19.8,8.6,45.4
4705,,21,Beige,19.8,8.6,45.4
4706,,21,Beige,19.8,8.6,45.4
4707,,21,Beige,19.8,8.6,45.4
4708,,21,Beige,19.8,8.6,45.4
4709,,21,Beige,19.8,8.6,45.4
4710,,28.4,Beige,9.6,,53.1
4711,,30,Beige,7.8,,57.1
4713,,29.6,Beige,5.7,,56.4
4733,,10.1,Marron,42.4,0,
4734,,10.2,Marron,53.4,0,
4735,,24.1,Marron,15.3,7.7,44.1
4737,,22.4,Marron,22.2,9.2,41.6
4738,,22.5,Marron,21.4,9,41.3
4791,,23.3,Beige,13.1,7.4,47.3
4797,,30,Beige,10,4,52
4798,,28,Marron,5,5,54
4836,,26.3,Beige,11.7,4.3,53.8
4840,,26.3,Beige,10,4.3,54.3
4841,,26.5,Beige,11.5,4.3,54.9
4880,,31.8,Beige,0,0,61.4
4899,,22,Beige,17.7,10.8,45
4928,,24.4,Beige,15.9,7.2,47
4937,,29,Beige,8,4,56
4965,,44,Beige,3,2,49
4966,,44,Beige,3,2,49
4970,,9,Beige,33,,5
4971,,9,Beige,33,,5
4972,,9,Beige,33,,5
4973,,9,Beige,33,,5
4974,,9,Beige,33,,5
4975,,9,Beige,33,,5
4976,,9,Beige,33,,5
5057,,23,Beige,13,7,49
5066,,27.1,Marron,8.3,0,53.4
5069,,30.3,Marron,0,0,55.8
5092,,,Beige,58.3,21.4,
5177,,23.9,Beige,14.3,10.7,48.1
5178,,23.9,Beige,14.3,10.7,48.1
5179,,23.9,Beige,14.3,10.7,48.1
5187,,31.8,Beige,12.5,7.6,43.2
5237,,25,Marron,13.7,6.1,49.7
5300,,25.3,Marron,14.6,6.7,48.5
5327,,,Marron,51,20.9,
5407,,30.2,Beige,5.6,0,58.3
5408,,30.2,Beige,5.6,0,58.3
5409,,30.2,Beige,5.6,0,58.3
5410,,30.2,Beige,5.6,0,58.3
5411,,30.2,Beige,5.6,0,58.3
5479,,14.6,Beige,34,,
5480,,27,Beige,2,5,52
5491,,21.1,Beige,16.5,8.4,50.1
5521,,35.2,Beige,11.1,6.1,46.9
5542,,31.6,Beige,8.7,0,45.4
5606,,34.4,Beige,0,,68.3
5610,,26.4,Marron,8.9,0,53.9
5622,,23.4,Marron,14.1,7.4,45
5634,,26,Beige,11,4,54
5635,,26,Beige,11,4,54
5636,,26,Beige,11,4,54
5637,,26,Beige,11,4,54
5652,,31.9,Beige,1.8,0,59.6
5653,,32.1,Beige,1.5,0,61.3
5654,,32.1,Beige,1.6,0,62.3
5655,,32.2,Beige,1.6,0,62.9
5656,,32.5,Beige,1.5,0,63.9
5661,,24.4,Beige,11.3,4.8,56.1
5662,,24.4,Beige,11.3,4.8,56.1
5663,,24.4,Beige,11.3,4.8,56.1
5664,,24.4,Beige,11.3,4.8,56.1
5665,,24.4,Beige,11.3,4.8,56.1
5666,,24.4,Beige,11.3,4.8,56.1
5667,,24.4,Beige,11.3,4.8,56.1
5668,,24.4,Beige,11.3,4.8,56.1
5669,,24.4,Beige,11.3,4.8,56.1
5670,,24.4,Beige,11.3,4.8,56.1
5675,,21,Marron,18.6,7.6,47.2
5682,,15,Beige,45.3,5.2,
5705,,0,Marron,61.2,15.8,0
5706,,23.1,Marron,16.6,0,49.5
5769,,9.3,Beige,50.4,5.2,
5770,,12.6,Beige,37.6,7.9,
5800,,10.4,Beige,37.4,17.5,22.5
5801,,10.4,Beige,37.5,17,22
5802,,10.2,Beige,37.3,17,20.9
5809,,8.5,Beige,55.8,6.3,
5814,,28.6,Beige,11.2,6.2,49.6
5824,,25.9,Beige,3.7,5.2,49.7
5825,,26,Beige,0,0,49.8
5836,,34.4,Beige,0,0,65.7
5838,,8.4,Beige,36.1,28.6,15
5839,,0,Beige,44.1,38.7,0
5840,,23.8,Beige,8.1,6.2,45
5841,,23.8,Beige,8.1,6.2,45
5842,,23.8,Beige,8.1,6.2,45
5843,,0,Beige,59.8,21.5,
5844,,16,Beige,26.1,13.7,28.8
5878,,,Marron,56.7,27.4,
5879,,,Marron,58.9,29.7,
5880,,,Marron,56,28,
5881,,,Marron,56.5,28.5,
5886,,29.7,Beige,3.8,0,56.2
5887,,29.7,Beige,3.8,0,56.2
5888,,29.7,Beige,3.8,0,56.2
5889,,28.9,Beige,8.5,5.2,51.9
5890,,35.2,Beige,0,,67.6
5891,,13.5,Beige,7.1,0,67.1
5892,,8,Beige,40.9,16.7,16.4
5899,,30.2,Beige,25.1,8.5,
5910,,22.1,Marron,14.6,7.8,46.7
5930,,32.3,Beige,2.7,1.3,60.5
5969,,,Marron,59.5,20.3,
5970,,0,Marron,53.8,24.5,0
6012,,35,Beige,10,8,44
6014,,27,Beige,6,4,59
6071,,21.1,Marron,18.7,9.2,40.1
6207,,24.3,Beige,16.4,8.3,41.8
6208,,23.4,Beige,19.3,10.4,38.2
6209,,23.4,Beige,19.3,10.4,38.2
6216,,3.5,Beige,50,20,6.5
6217,,3.5,Beige,50,20,6.5
6218,,3.5,Beige,50,20,6.5
6226,,26.7,Marron,0,8.5,48.4
6228,,24.1,Beige,15.7,6.5,42.8
6250,,15.8,Marron,20.8,12.3,28.5
6251,,30.7,Marron,4.4,0,55.3
6271,,15,Beige,27,11,31
6272,,0,Beige,55.2,29.2,0
6273,,0,Beige,55.2,29.2,0
6274,,,Beige,56.1,29.9,
6302,,14.2,Beige,35,17.6,23.7
6303,,14.2,Beige,35,17.6,23.7
6307,,28,Beige,7,6,57
6374,,15,Beige,27,11,31
6375,,15,Beige,27,11,31
6376,,15,Beige,27,11,31
6377,,15,Beige,27,11,31
6378,,15,Beige,27,11,31
6379,,15,Beige,27,11,31
6380,,15,Beige,27,11,31
6381,,15,Beige,27,11,31
6382,,15,Beige,27,11,31
6383,,15,Beige,27,11,31
6384,,15,Beige,27,11,31
6385,,15,Beige,27,11,31
6387,,15,Beige,27,11,31
6414,,16,Marron,26.5,,32.9
6437,,30.9,Marron,8.1,0,50.7
6438,,34,Marron,4.6,0,56.1
6442,,14,Beige,7,3,78
6506,,20.6,Beige,15.4,8.7,49
6507,,20.6,Beige,15.4,8.7,49
6519,,22,Beige,17.5,9.9,44.3
6520,,0,Beige,53.3,24.1,
6521,,0,Beige,53.3,24.1,
6522,,0,Beige,53.3,24.1,
6523,,22.2,Beige,16.1,9.8,44.7
6524,,26.2,Beige,6.5,5.6,54.3
6589,,26.7,Beige,11,4.6,51.2
6590,,29.7,Beige,2.2,0,61
6591,,58.1,Beige,6.4,0,58.1
6604,,23.5,Marron,3.9,5.1,52.1
6605,,20.6,Marron,11,10.3,42.1
6606,,26.1,Beige,0,,56.4
6607,,26.1,Beige,0,,56.4
6608,,26.6,Beige,0,,57.3
6609,,0,Marron,41.9,31.9,
6656,,20.6,Beige,20.9,9.4,43.5
6658,,32.6,Beige,0,0,69
6659,,28,Beige,10,8,56
6663,,19.3,Beige,24.7,10.3,39.3
6668,,19.3,Beige,24.7,10.3,39.3
6686,,24.2,Marron,9.6,0,53.1
6687,,7.7,Marron,45.8,18.9,12
6692,,25.1,Marron,17.2,10.7,36.3
6741,,23.8,Marron,7.1,12.4,49.4
6742,,23.8,Marron,7.1,12.4,49.4
6743,,7.6,Marron,42.3,18.4,13.9
6744,,28,Marron,0,0,65
6762,,26.7,Beige,11,4.6,51.2
6763,,29.7,Beige,2.2,0,61
6764,,29.6,Beige,6.4,0,58.1
6842,,22,Marron,17.4,9.5,43.6
6843,,21.5,Marron,17.2,10,42.8
6848,,26.7,Beige,9,0,54.9
6856,,28.6,Marron,0,0,58
6857,,29.9,Beige,0,0,63.1
7000,,0,Beige,49.1,24.8,3.6
7001,,3.9,Beige,47.2,23.7,4.7
7002,,22.4,Beige,21.7,9.9,40.5
7003,,19.4,Beige,22.6,11.3,35.1
7009,,27.4,Marron,0,6,47.8
7012,,23.7,Beige,21.1,9.6,36.7
7014,,23.9,Beige,18.8,9.4,34.5
7072,,24.3,Beige,8.5,6.4,48.7
7075,,33.1,Beige,0,,68.9
7148,,7,Marron,45,15,13
7158,,26.7,Beige,8.8,5.1,56.2
7159,,26.7,Beige,8.8,5.1,56.2
7160,,21.5,Beige,16.4,6.7,43.1
7161,,24.5,Marron,0,0,56.6
7163,,28,Beige,0,0,52.9
7164,,30.7,Beige,5.6,0,56.5
7165,,30.7,Beige,5.6,0,56.5
7166,,28.7,Beige,5.2,0,57.9
7178,,32.1,Beige,8.9,0,46.6
7280,,26,Beige,17.4,8.7,34.4
7337,,22.7,Beige,16.9,10,45.8
7421,,27.3,Marron,6.5,0,56.2
7464,,,Beige,52.4,28.7,
7512,,33.4,Beige,0,,67.5
7658,,22.8,Beige,18.2,8.3,46.3
7659,,18.8,Beige,23.7,11.7,30.8
7660,,18.8,Beige,23.7,11.7,30.8
8006,,19.3,Beige,20.1,9.6,45.5
8035,,18.1,Beige,20.9,11.1,42.4
8036,,0,Beige,51.7,23.8,3.9
8038,,19.8,Beige,23.8,7.7,41.9
8151,,16.9,Marron,34.2,9.3,
8152,,16.9,Marron,34.2,9.3,
8153,,17.3,Marron,51.4,8.8,
8154,,17.3,Marron,51.4,8.8,
8194,,20.3,Beige,21.2,10.2,41.8
8195,,19.7,Beige,21.9,11,40.8
8196,,20.6,Beige,16.6,9.4,45.3
8198,,,Beige,59.5,26.3,
8202,,13.4,Beige,23.3,18.9,36.1
8203,,13.4,Beige,23.3,18.9,36.1
8204,,13.4,Beige,23.3,18.9,36.1
8205,,13.4,Beige,23.3,18.9,36.1
8206,,13.4,Beige,23.3,18.9,36.1
8207,,13.4,Beige,23.3,18.9,36.1
8208,,13.4,Beige,23.3,18.9,36.1
8222,,22.3,Beige,17.5,8.9,46.1
8223,,23.1,Beige,11.9,6.4,52.4
8252,,27.91,Marron,8.1,,55.84
8253,,27.91,Marron,8.1,,55.84
8254,,30.36,Marron,4.8,,60.65
8255,,30.36,Marron,4.8,,60.65
8256,,30.36,Marron,4.8,,60.65
8257,,30.36,Marron,4.8,,60.65
8310,,22.9,Beige,17.3,9.3,40.4
8311,,29.2,Beige,0,,66.6
8354,,33.8,Beige,0,,70.7
8358,,19.4,Beige,18.9,10.3,38.9
8365,,22.1,Beige,14,8,51.4
8417,,22.8,Beige,16.9,11.6,46
8436,,,Beige,52.4,32.2,
8439,,24.3,Beige,16.1,7.2,47.6
8445,,11.3,Beige,43.7,20.6,11.1
8446,,22.1,Beige,17.7,8.3,47.4
8448,,,Beige,,,
8514,,19,Beige,22.6,10.5,39.6
8515,,19,Beige,22.6,10.5,39.6
8616,,,Beige,0,,
8622,,22.3,Beige,19.4,11.9,35.5
8630,,21.8,Beige,19.5,11.7,34.3
8634,,19.1,Beige,23,13.2,37
8635,,18.4,Beige,25.6,13.6,36
8636,,19.4,Beige,21.7,13.9,36.8
8637,,18.2,Beige,24.4,13.5,35.3
8639,,18.2,Beige,24.4,13.5,35.3
8640,,18.2,Beige,24.4,13.5,35.3
8641,,21.8,Beige,19.5,11.7,34.3
8642,,21.8,Beige,19.5,11.7,34.3
8643,,21.8,Beige,19.5,11.7,34.3
8644,,22.3,Beige,19.4,11.9,35.5
8703,,23.52,Marron,17,9.86,40.34
8704,,23.52,Marron,17,9.86,40.34
8705,,23.52,Marron,17,9.86,40.34
8706,,23.52,Marron,17,9.86,40.34
8707,,23.52,Marron,17,9.86,40.34
8713,,25.5,Marron,11.6,11.6,50.3
8816,,12,Beige,48,,
8817,,12,Beige,48,,
8841,,26.3,Beige,10.2,8.1,53.6
8842,,,Blanche,0,,
8853,,26.4,Marron,7.2,5.2,53.1
8854,,24.3,Marron,8.3,6.9,51.9
8855,,4.2,Marron,43.4,24.9,11.9
8896,,19.8,Marron,10.9,,39.1
8897,,19.8,Marron,10.9,,39.1
8898,,19.8,Marron,10.9,,39.1
8899,,19.8,Marron,10.9,,39.1
8900,,19.8,Marron,10.9,,39.1
8901,,19.8,Marron,10.9,,39.1
8962,,33,Beige,0,,69.1
8963,,33,Beige,0,,69.1
8964,,33,Beige,0,,69.1
8965,,33,Beige,0,,69.1
8966,,33,Beige,0,,69.1
8967,,33,Beige,0,,69.1
8968,,25.8,Beige,10.2,7.5,51.9
8969,,25.8,Beige,10.2,7.5,51.9
8970,,25.8,Beige,10.2,7.5,51.9
8971,,25.8,Beige,10.2,7.5,51.9
8972,,25.8,Beige,10.2,7.5,51.9
8973,,25.8,Beige,10.2,7.5,51.9
8974,,25.8,Beige,10.2,7.5,51.9
8975,,25.8,Beige,10.2,7.5,51.9
8976,,25.8,Beige,10.2,7.5,51.9
8977,,0,Beige,40.9,26.4,6.3
8978,,18.9,Beige,20.4,15.7,36.6
8979,,22.2,Beige,14.6,10.9,45.8
8980,,22.2,Beige,14.6,10.9,45.8
8981,,22.2,Beige,14.6,10.9,45.8
8982,,25.2,Beige,10.8,7.6,50.8
8983,,25.2,Beige,10.8,7.6,50.8
8984,,25.2,Beige,10.8,7.6,50.8
8985,,25.2,Beige,10.8,7.6,50.8
8986,,0,Beige,41.3,26.8,0
8987,,22.1,Beige,13.3,9.8,46.6
8988,,27,Beige,9.2,6.4,54
8989,,26.9,Beige,10.1,6.9,54.5
8990,,31.8,Beige,0,0,65.4
9001,,29,Beige,3,3,57
9002,,29,Beige,3,3,57
9003,,29,Beige,3,3,57
9050,,25,Beige,24,13,38
9051,,25,Beige,24,13,38
9052,,25,Beige,24,13,38
9053,,25,Beige,24,13,38
9054,,25,Beige,24,13,38
9055,,28,Beige,18,8,43
9056,,28,Beige,18,8,43
9095,,26,Beige,23,11,37
9122,,,Marron,0.9,,
9123,,,Marron,0.9,,
9124,,,Marron,0.9,,
9125,,,Marron,0.9,,
9126,,,Marron,0.9,,
9127,,,Marron,0.9,,
9128,,,Marron,0.9,,
9129,,,Marron,0.9,,
9130,,,Marron,0.8,,
9131,,,Marron,0.8,,
9132,,,Marron,0.8,,
9133,,,Marron,1,,
9134,,,Marron,2.5,,
9135,,,Marron,2.5,,
9136,,,Marron,2.5,,
9137,,,Marron,2.5,,
9138,,,Marron,2.5,,
9139,,,Marron,2.5,,
9140,,,Marron,2.5,,
9141,,,Marron,2.5,,
9142,,,Marron,2.5,,
9143,,,Marron,2.5,,
9144,,,Marron,2.5,,
9145,,,Marron,2.5,,
9146,,,Marron,2.5,,
9147,,,Marron,2.5,,
9148,,,Marron,2.5,,
9149,,,Marron,2.5,,
9150,,,Marron,2.5,,
9151,,,Marron,2.5,,
9152,,,Marron,2.5,,
9153,,,Marron,2.5,,
9154,,,Marron,2,,
9155,,,Marron,2,,
9156,,,Marron,2,,
9157,,,Marron,2,,
9158,,,Marron,2,,
9159,,,Marron,2.3,,
9160,,,Marron,2.3,,
9161,,,Marron,2.3,,
9162,,,Marron,2.3,,
9163,,,Marron,2.3,,
9164,,,Marron,2.3,,
9165,,,Marron,2.3,,
9166,,,Marron,2.3,,
9167,,,Marron,2.3,,
9168,,,Marron,2.3,,
9169,,,Marron,2.3,,
9170,,,Marron,2.3,,
9171,,,Marron,2.3,,
9172,,,Marron,2.3,,
9173,,,Marron,2.3,,
9174,,,Marron,2.3,,
9175,,,Marron,2.3,,
9176,,,Marron,2.3,,
9177,,,Marron,2.3,,
9178,,,Marron,2.3,,
9179,,,Marron,2.3,,
9180,,,Marron,2.7,,
9181,,,Marron,2.7,,
9182,,,Marron,4.9,,
9183,,,Marron,4.9,,
9184,,,Marron,4.9,,
9185,,,Marron,4.9,,
9285,,28.5,Beige,7.8,3.9,56.4
9346,,33.6,Beige,0,,67.8
9347,,33.6,Beige,0,,67.8
9384,,26.4,Beige,10.2,6.6,54.3
9385,,26.6,Beige,10.3,7,55.3
9386,,26.6,Beige,10.3,7,55.3
9387,,24.8,Beige,12.1,7.9,51.6
9433,,28.5,Beige,7.3,3.8,52.1
9434,,6.7,Marron,38.4,18,16.3
9435,,6,Marron,26,24,9.3
9436,,8.1,Marron,34.5,22.4,13.6
9438,,6.8,Marron,40.7,23,12.4
9439,,29.5,Beige,1.9,1.9,61.4
9440,,32.8,Beige,0.4,0.6,66.1
9441,,33.5,Beige,0.4,0,66
9442,,30.4,Beige,2.8,2.6,62.3
9443,,30.2,Beige,2.9,3,62.6
9444,,29.3,Beige,1.8,1.6,62.1
9445,,34.2,Beige,1.6,2.3,58.7
9446,,34.7,Beige,1.2,2.1,58.7
9447,,29.5,Beige,9.1,5.9,49.8
9448,,35,Beige,2.8,2.4,59.1
9449,,30.6,Beige,6.1,3.9,51.8
9450,,29.3,Beige,9.1,6.1,49.6
9451,,29.3,Beige,8.7,6.4,49.3
9452,,29,Beige,9.3,6.1,49.1
9453,,30.9,Beige,5,4.1,53.6
9454,,34.9,Beige,1.7,2.1,59.1
9455,,30.7,Beige,5.4,3.6,52.8
9456,,29.8,Beige,8.7,5.7,50
9457,,29.6,Beige,8.2,5.9,50.4
9458,,34.7,Beige,2.6,2.8,58.8
9459,,30.6,Beige,7.3,5.3,51.5
9460,,36.2,Beige,2.5,2.1,60.8
9485,,18.8,Beige,24,10.5,38.8
9488,,22.3,Beige,11.8,6.5,51
9521,,23.3,Beige,15.5,6.9,48.8
9574,,35.3,Beige,0,,72.5
9575,,,Beige,60.9,22.9,
9576,,20.8,Beige,25.7,12,33.7
9577,,23.8,Beige,6,7.6,51.4
9578,,8.5,Beige,16.3,15.9,34.7
9579,,25.4,Beige,0,7.1,54.1
9581,,3.9,Beige,54.8,23.5,7.4
9672,,30.1,Beige,0,4.8,60.2
9673,,30.1,Beige,0,4.8,60.2
9674,,30.1,Beige,0,4.8,60.2
9675,,30.1,Beige,0,4.8,60.2
9676,,30.1,Beige,0,4.8,60.2
9677,,30.1,Beige,0,4.8,60.2
9678,,30.1,Beige,0,4.8,60.2
9681,,10.4,Beige,53.1,5.7,
9697,,22.6,Beige,10.4,9.6,48
9771,,35.9,Marron,6.2,0,54.6
9772,,33.6,Marron,5.1,0,50.7
9774,,35.2,Marron,6.3,0,53.8
9775,,30.2,Marron,9.9,6.9,49.9
9782,,22.6,Marron,15.8,8.4,46.8
9783,,22.6,Marron,15.8,8.4,46.8
9785,,20.9,Marron,16.8,7.7,48.4
9786,,31.3,Beige,7.9,5.2,54.5
9787,,9.4,Beige,37.9,19.8,18.5
9843,,0,Beige,0,,2.8
9852,,,Marron,12,,
9926,,15.2,,23.2,5.6,
9930,,18.5,Beige,21.4,11.8,38.1
9941,,25.8,Beige,10.2,7.5,51.9
9942,,25.8,Beige,10.2,7.5,51.9
9961,,25.2,Beige,10.8,7.6,50.8
10002,,29.4,Beige,4.4,2.4,58.8
10003,,29.4,Beige,4.4,2.4,58.8
10004,,29.4,Beige,4.4,2.4,58.8
10005,,29.4,Beige,4.4,2.4,58.8
10006,,29.4,Beige,4.4,2.4,58.8
10099,,49.5,Beige,12.4,,
10100,,29.2,Beige,11.5,,47.3
10107,,25.7,Beige,0,5.3,56.4
10134,,6.9,Beige,58,4,
10135,,6.9,Beige,58,4,
10136,,6.9,Beige,58,4,
10137,,6.9,Beige,58,4,
10138,,6.9,Beige,58,4,
10148,,28.5,Marron,15.9,8.8,38
10149,,28.5,Marron,15.9,8.8,38
10150,,28.5,Marron,15.9,8.8,38
10151,,28.5,Marron,15.9,8.8,38
10152,,26.1,Marron,14.5,9,43
10153,,26.1,Marron,14.5,9,43
10154,,26.1,Marron,14.5,9,43
10155,,26.1,Marron,14.5,9,43
10156,,26.1,Marron,14.5,9,43
10157,,20.5,Marron,19.7,12,39.1
10167,,19.7,Marron,10.8,,38.8
10168,,19.7,Marron,10.9,,38.9
10169,,20,Marron,10.6,,39.4
10170,,20.2,Marron,10,,39.9
10171,,20,Marron,11.1,,39.7
10308,,30.6,Beige,0,0,60.4
10309,,30.6,Beige,0,0,60.4
10310,,30.6,Beige,0,0,60.4
10311,,30.6,Beige,0,0,60.4
10312,,30.6,Beige,0,0,60.4
10313,,30.6,Beige,0,0,60.4
10314,,30.6,Beige,0,0,60.4
10315,,30.6,Beige,0,0,60.4
10316,,30.6,Beige,0,0,60.4
10318,,30.5,Beige,3.4,0,61.1
10319,,30.5,Beige,3.4,0,61.1
10320,,30.5,Beige,3.4,0,61.1
10438,,20,Marron,11.1,,39.7
10439,,20,Marron,11.1,,39.7
10440,,20,Marron,11.1,,39.7
10441,,20,Marron,11.1,,39.7
10442,,20,Marron,11.1,,39.7
10537,,24.9,Marron,10,7.2,53
10538,,24.9,Marron,10,7.2,53
10539,,24.9,Marron,10,7.2,53
10540,,24.9,Marron,10,7.2,53
10541,,24.9,Marron,10,7.2,53
10542,,24.9,Marron,10,7.2,53
10543,,24.9,Marron,10,7.2,53
10692,,27.6,Marron,5.9,6.1,57.5
10694,,28.8,Beige,5.5,6.7,59
10695,,28.8,Beige,5.5,6.7,59
10696,,28.8,Beige,5.5,6.7,59
10697,,28.8,Beige,5.5,6.7,59
10698,,29.5,Beige,5.3,6.8,60.4
10699,,29.5,Beige,5.3,6.8,60.4
10700,,29.5,Beige,5.3,6.8,60.4
10701,,29.8,Beige,10.6,6.4,48
10702,,26.2,Beige,8.8,6.2,54
10799,,8.6,Marron,28.7,22.2,16.5
10802,,26.9,Marron,6.9,5.2,51.5
10803,,26.9,Marron,6.9,5.2,51.5
10883,,22.7,Multicolore,16.2,8.8,45.7
10897,,17.3,Beige,23.1,13.8,33.5
10898,,20.1,Beige,18.3,10.8,39.3
10933,,27.7,Beige,8.3,4.7,56.3
10934,,27.7,Beige,8.3,4.7,56.3
10935,,27.7,Beige,8.3,4.7,56.3
10936,,27.7,Beige,8.3,4.7,56.3
10937,,,Beige,56.5,29.4,
10977,,33,Marron,7.1,0,41.6
10978,,33,Marron,7.1,0,41.6
10999,,36.6,Beige,3.6,0,49.9
11000,,36.6,Beige,3.6,0,49.9
11001,,36.6,Beige,3.6,0,49.9
11002,,36.6,Beige,3.6,0,49.9
11003,,36.6,Beige,3.6,0,49.9
11004,,36.7,Beige,0,0,49.7
11005,,36.7,Beige,0,0,49.7
11066,,26.6,Beige,8.6,0,53.5
11067,,26.6,Beige,8.6,0,53.5
11068,,26.6,Beige,8.6,0,53.5
11069,,26.6,Beige,8.6,0,53.5
11070,,26.2,Beige,8,0,53.1
11071,,30,Beige,4.3,0,58.9
11081,,34.7,Marron,3.1,,59.6
11082,,34.7,Marron,3.1,,59.6
11083,,31.4,Marron,2.2,,62.2
11158,,22.6,Beige,18.4,8.5,40.6
11159,,22.6,Beige,18.4,8.5,40.6
11233,,28,Marron,5,4,53
11236,,30,Blanc Cassé,6,4,54
11301,,36.2,Beige,5.6,3.1,50.3
11302,,25.8,Beige,14.1,7.6,50.6
11313,,17.8,Beige,22.5,10.1,44.1
11326,,24.2,Beige,11.7,5.7,56.4
11327,,24.4,Beige,10.7,5.3,56.1
11328,,29.4,Beige,3.9,0,60.4
11340,,5.7,Beige,85.6,11.7,
11342,,11.7,Beige,54.7,6.4,
11343,,12,Beige,50.9,6.3,
11346,,27.7,Beige,12.5,16.3,
11347,,27.6,Beige,12.4,15.6,
11350,,12,Beige,60.1,5.2,
11351,,11.7,Beige,68.8,5.4,
11352,,5.4,Beige,79.9,11.2,
11358,,18,Beige,24.9,0,
11369,,23.5,Beige,45.2,0,
11376,,4.1,Beige,48.2,25.8,7.5
11377,,28.1,Beige,8.2,0,55.2
11378,,12,Beige,35,19.1,23.1
11379,,29.8,Beige,6.4,0,59
11414,,28.3,Beige,4.6,6,57.8
11415,,28.3,Beige,4.6,6,57.8
11416,,28.3,Beige,4.6,6,57.8
11417,,28.3,Beige,4.6,6,57.8
11418,,28.3,Beige,4.6,6,57.8
11435,,31.1,Beige,0,4.4,62.6
11436,,31.1,Beige,0,4.4,62.6
11437,,31.1,Beige,0,4.4,62.6
11438,,31.1,Beige,0,4.4,62.6
11439,,31.1,Beige,0,4.4,62.6
11440,,28.1,Beige,4.4,6.4,57.1
11444,,27.4,Beige,3.7,7.1,56.9
11445,,27.4,Beige,3.7,7.1,56.9
11446,,27.4,Beige,3.7,7.1,56.9
11447,,27.4,Beige,3.7,7.1,56.9
11494,,28.8,Marron,6.6,0,58.1
11495,,28.8,Marron,6.6,0,58.1
11496,,28,Marron,7.1,0,57.4
11497,,28,Marron,7.1,0,57.4
11498,,28,Marron,7.1,0,57.4
11499,,28,Marron,5.8,0,57.2
11500,,28.4,Marron,6,0,57.7
11501,,28.8,Marron,5.6,0,58.5
11502,,28.8,Marron,5.6,0,58.5
11503,,29.6,Marron,6,0,60.7
11504,,28.7,Marron,7.6,0,58.6
11505,,28.7,Marron,7.6,0,58.6
11506,,28.7,Marron,7.6,0,58.6
11507,,28.7,Marron,7.6,0,58.6
11508,,28.6,Marron,5.8,0,58.2
11509,,28.6,Marron,5.4,0,58.4
11510,,28.7,Marron,4.9,0,58.9
11557,,30.6,Beige,0,0,60.4
11558,,30.6,Beige,0,0,60.4
11677,,17.9,Beige,25.1,11.9,33.4
11678,,17.9,Beige,25.1,11.9,33.4
11679,,16.6,Beige,21.3,12.6,37.8
11680,,18.1,Beige,25,11.8,33.7
11712,,28.1,Marron,5.8,0,59.8
11743,,19.5,Beige,21.3,10.3,39.7
11744,,20,Beige,22,10.6,40
11773,,25.1,Beige,9.1,5.5,52.3
11774,,25.3,Beige,14.7,8,42.5
11779,,15.5,Beige,49.7,0,
11780,,15.5,Beige,49.7,0,
11781,,15.5,Beige,49.7,0,
11782,,15.5,Beige,49.7,0,
11783,,6,Beige,79.9,10.8,
11784,,6,Beige,79.9,10.8,
11785,,6,Beige,79.9,10.8,
11786,,6,Beige,79.9,10.8,
11857,,23,Beige,4,2,70
11859,,,Beige,53.3,28.3,
11860,,,Beige,53.3,28.3,
11861,,,Beige,53.3,28.3,
11862,,17.7,Beige,17.8,0,
11863,,24.3,Beige,46.5,0,
11887,,30.9,Beige,0,0,63.3
11888,,30.9,Beige,0,0,63.3
11889,,30.9,Beige,0,0,63.3
11890,,26.8,Beige,5.6,5.3,61.3
11891,,30.7,Beige,3.3,0,63.7
11892,,25.9,Beige,4.5,5.6,59.5
11893,,25.9,Beige,4.5,5.6,59.5
11894,,25.9,Beige,4.5,5.6,59.5
11895,,25.9,Beige,4.5,5.6,59.5
11896,,25.9,Beige,4.5,5.6,59.5
11897,,25.9,Beige,4.5,5.6,59.5
11926,,22.7,Beige,17.9,7.8,46.6
11928,,,Beige,,,
11992,,26.9,Beige,4.7,5.3,61.5
11993,,25.9,Beige,4.5,5.6,59.5
11994,,25.9,Beige,4.5,5.6,59.5
11995,,30.4,Beige,3.3,0,61.6
11996,,27.4,Beige,0,4.6,58.2
12031,,25.6,Beige,8.1,0,62.3
12032,,25.6,Beige,8.1,0,62.3
12034,,25.8,Beige,6,0,63.4
12083,,29.5,Beige,3.8,0,62.5
12084,,29.2,Beige,12.1,6.1,57.9
12085,,31.3,Beige,4.4,0,65.2
12086,,22.6,Beige,26.6,13.2,32.2
12101,,26,Beige,11,6,49
12119,,29.4,Autre,3.4,2.5,61.7
12120,,8.3,Beige,31.9,4.5,
12224,,23.1,Beige,16.7,7.1,47
12225,,23.1,Beige,16.7,7.1,47
12226,,23.1,Beige,16.7,7.1,47
12227,,23.1,Beige,16.7,7.1,47
12229,,,Beige,58.3,23.1,
12296,,21.1,Beige,18.6,10.1,42.6
12331,,26,Beige,13,8,51
12332,,26,Beige,13,8,51
12374,,24.3,Beige,11.4,5.2,49.8
12403,,28.7,Beige,13.2,5.8,47.3
12441,,17.5,Beige,34.1,0,11.7
12453,,24.5,Beige,10.1,0,47.8
12486,,21.6,Beige,13.6,7.8,45.1
12487,,21.6,Beige,13.6,7.8,45.1
12488,,21.6,Beige,13.6,7.8,45.1
12489,,21.4,Beige,10.8,7.8,44
12490,,21.4,Beige,10.8,7.8,44
12491,,21.2,Beige,13.2,8,43.5
12492,,21.2,Beige,13.2,8,43.5
12493,,21.5,Beige,10.8,7.4,44.1
12515,,28,Autre,5.8,3.7,56.3
12559,,,Autre,54.2,30.3,
12560,,,Autre,53.1,31.2,
12561,,,Autre,54.1,31.3,
12562,,,Autre,51.7,28,
12564,,34.3,Autre,7.1,2.8,49.3
12574,,20.2,Beige,23.4,11.2,41.2
12590,,0,Blanche,0,,0
12591,,24.6,Marron,0,0,48.5
12594,,33.9,Beige,0,,67.7
12595,,0,Blanc Cassé,0,,
12597,,26.6,Beige,7.7,0,55
12598,,26.6,Beige,7.7,0,55
12599,,26.6,Beige,7.7,0,55
12600,,26.6,Beige,7.7,0,55
12601,,26.6,Beige,7.7,0,55
12602,,26.6,Beige,7.7,0,55
12616,,20.5,Marron,1.2,1,62.7
12756,,6.8,Beige,51.2,4.1,
12757,,5.2,Beige,39.7,3.7,
12758,,9.8,Beige,54,4.3,
12759,,15.5,Beige,19.6,0,
12790,,15.2,Beige,42.9,4.5,
12844,,21.6,Beige,17.3,9.2,44.5
12845,,22.7,Beige,17.2,9.6,45.8
12894,,26.6,Beige,9.5,4.6,53.2
12895,,26.6,Beige,9.5,4.6,53.2
12896,,26.6,Beige,9.5,4.6,53.2
12944,,26.8,Beige,6.2,0,54.5
12945,,26.6,Beige,8.1,0,54
12946,,33.1,Beige,6.7,0,51.5
12947,,27.1,Beige,7.3,0,54.1
12948,,29.3,Beige,4.2,0,58.1
12949,,,Beige,45.8,26.6,
13058,,33.2,Marron,7.3,0,42.9
13098,,22.8,Beige,17.2,9.5,42.2
13099,,22.8,Beige,17.2,9.5,42.2
13100,,22.8,Beige,17.2,9.5,42.2
13101,,22.8,Beige,17.2,9.5,42.2
13126,,16.7,Beige,48.8,6.2,
13128,,27.9,Beige,16.7,8.1,35.7
13129,,27.9,Beige,16.7,8.1,35.7
13130,,27.9,Beige,16.7,8.1,35.7
13131,,22.4,Beige,15.6,9.5,39.9
13132,,25,Beige,15.1,9.9,36.7
13133,,25,Beige,15.1,9.9,36.7
13134,,21.7,Beige,18.2,8.6,37
13135,,24.2,Beige,16.9,8.7,35.8
13194,,29.3,Beige,3.4,3.2,52.7
13195,,29.3,Beige,3.4,3.2,52.7
13196,,29.3,Beige,3.4,3.2,52.7
13197,,29.3,Beige,3.4,3.2,52.7
13198,,29.3,Beige,3.4,3.2,52.7
13199,,29.3,Beige,3.4,3.2,52.7
13200,,29.3,Beige,3.4,3.2,52.7
13201,,29.3,Beige,3.4,3.2,52.7
13202,,29.3,Beige,3.4,3.2,52.7
13203,,29.3,Beige,3.4,3.2,52.7
13204,,29.3,Beige,3.4,3.2,52.7
13205,,29.3,Beige,3.4,3.2,52.7
13206,,29.3,Beige,3.4,3.2,52.7
13207,,29.3,Beige,3.4,3.2,52.7
13323,,22.6,Beige,15.8,,44.3
13324,,22.6,Beige,15.8,,44.3
13336,,29,Beige,4,3,62
13350,,25,Marron,22,10,33
13351,,26.8,Beige,7.3,0,57.2
13353,,4.8,Marron,49.1,19.4,5.9
13405,,42.8,Beige,10.7,0,39.9
13469,,19.5,Beige,20.6,9.7,40.4
13470,,19.5,Beige,20.6,9.7,40.4
13471,,19.5,Beige,20.6,9.7,40.4
13472,,19.5,Beige,20.6,9.7,40.4
13473,,19.5,Beige,20.6,9.7,40.4
13474,,19.5,Beige,20.6,9.7,40.4
13475,,18.1,Beige,23.2,10.4,38
13501,,24.9,Marron,11.8,5.7,53
13506,,23.9,Beige,10.7,5.6,52.1
13543,,26.3,Beige,13.6,6,49.9
13544,,26.3,Beige,13.6,6,49.9
13545,,26.3,Beige,13.6,6,49.9
13546,,26.3,Beige,13.6,6,49.9
13547,,26.3,Beige,13.6,6,49.9
13548,,26.3,Beige,13.6,6,49.9
13554,,51.9,Beige,0,0,46.1
13555,,51.9,Beige,0,0,46.1
13556,,51.9,Beige,0,0,46.1
13557,,51.9,Beige,0,0,46.1
13558,,51.9,Beige,0,0,46.1
13559,,51.9,Beige,0,0,46.1
13560,,51.9,Beige,0,0,46.1
13561,,51.9,Beige,0,0,46.1
13562,,51.9,Beige,0,0,46.1
13586,,13.5,Beige,32.4,15.2,27.8
13713,,22.9,Beige,0,0,44.9
13714,,4.5,Marron,0,0,8
13738,,6.7,Blanc Cassé,19,0.9,3.9
13798,,13.1,Beige,51,6.4,30.2
13848,,23.4,Beige,13.8,6.6,47.8
14019,,23,Beige,15,8,47
14020,,23,Beige,15,8,47
14044,,,Beige,10.2,,
14045,,,Beige,5,,
14046,,,Beige,5,,
14073,,0,Beige,58.3,26.4,0
14080,,25,Beige,9.6,0,54.4
14159,,21.7,Beige,12.3,7.4,45
14178,,,Beige,53.5,29,
14179,,,Beige,53.5,29,
14180,,,Beige,53.5,29,
14219,,29.1,Beige,3.7,2.5,56.9
14259,,18.8,Beige,10,8.2,35.3
20561,,26,Beige,11,5,51
20562,,26,Beige,11,5,51
20579,,29,Beige,4,3,54
20580,,29,Beige,4,3,54
20581,,32,Beige,10,4,48
20582,,32,Beige,10,4,48
20583,,24,Beige,14,4,51
20584,,24,Beige,14,4,51
20585,,32,Beige,10,4,48
20586,,32,Beige,10,4,48
20587,,32,Beige,10,4,48
20588,,32,Beige,10,4,48
20589,,32,Beige,10,4,48
20590,,32,Beige,10,4,48
20630,,27,Beige,11,6,53
20631,,27,Beige,11,6,53
20632,,30,Beige,9,3,55
20633,,30,Beige,9,3,55
20634,,24,Beige,16,5,45
20635,,24,Beige,16,5,45
20636,,27,Beige,12,5,51
20637,,27,Beige,12,5,51
20638,,26,Beige,12,7,50
20639,,26,Beige,12,7,50
20642,,29,Beige,9,5,35
20643,,29,Beige,9,5,35
20644,,26,Beige,12,7,49
20645,,26,Beige,12,7,49
20646,,29,Beige,11,4,55
20647,,29,Beige,11,4,55
20656,,27,Beige,11,5,51
20657,,27,Beige,11,5,51
20658,,14,Beige,35,13,26
20659,,14,Beige,35,13,26
20660,,28,Beige,9,5,54
20661,,28,Beige,9,5,54
20664,,24,Beige,16,12,43
20665,,24,Beige,16,12,43
20668,,28,Marron,7,4,51
20669,,28,Marron,7,4,51
20670,,33,Beige,5,0,40
20671,,33,Beige,5,0,40
20672,,29,Beige,7,4,59
20673,,29,Beige,7,4,59
20674,,25,Marron,9,5,38
20675,,25,Marron,9,5,38
20676,,23,Marron,17,9,46
20677,,23,Marron,17,9,46
20678,,28,Beige,9,5,55
20679,,28,Beige,9,5,55
20680,,31,Beige,7,,58
20681,,31,Beige,7,,58
20682,,1,Marron,49,24,3
20683,,1,Marron,49,24,3
20684,,22,Beige,19,10,39
20685,,22,Beige,19,10,39
20686,,32,Beige,17,7,33
20687,,32,Beige,17,7,33
20688,,29,Beige,7,5,55
20689,,29,Beige,7,5,55
20690,,25,Beige,15,9,50
20691,,25,Beige,15,9,50
20692,,30,Beige,37,0,13
20693,,30,Beige,37,0,13
20694,,25,Beige,14,6,47
20695,,25,Beige,14,6,47
20702,,25,Beige,15,8,47
20703,,25,Beige,15,8,47
20704,,29,Beige,9,0,59
20705,,29,Beige,9,0,59
20706,,29,Beige,9,4,57
20707,,29,Beige,9,4,57
20708,,29,Beige,9,4,57
20709,,29,Beige,9,4,57
20710,,29,Beige,9,4,57
20711,,29,Beige,9,4,57
20712,,29,Beige,9,4,57
20713,,29,Beige,9,4,57
20753,,32,Beige,17,8,39
20754,,32,Beige,17,8,39
20755,,32,Beige,16,7,38
20756,,32,Beige,16,7,38
20835,,27,Beige,12,4,51
20836,,27,Beige,12,4,51
20837,,28,Beige,14,9,40
20838,,28,Beige,14,9,40
20839,,29,Beige,4,3,57
20840,,29,Beige,4,3,57
20841,,26,Beige,12,5,50
20842,,26,Beige,12,5,50
20845,,28,Beige,6,0,58
20846,,28,Beige,6,0,58
20848,,27,Beige,10,5,50
20849,,27,Beige,10,5,50
20850,,27,Beige,10,5,50
20851,,27,Beige,10,5,50
20852,,27,Beige,10,5,50
20853,,27,Beige,10,5,50
20854,,27,Beige,10,5,50
20855,,27,Beige,10,5,50
20856,,,Beige,56,21,
20857,,,Beige,56,21,
20878,,25,Beige,15,6,50
20879,,25,Beige,15,6,50
20880,,25,Beige,15,6,50
20881,,25,Beige,15,6,50
20882,,25,Beige,15,6,50
20883,,25,Beige,15,6,50
20884,,28,Beige,9,6,52
20885,,28,Beige,9,6,52
20886,,30,Marron,6,5,55
20887,,30,Marron,6,5,55
20888,,29,Marron,8,4,55
20889,,29,Marron,8,4,55
20935,,3,Beige,46,27,3
20936,,3,Beige,46,27,3
20942,,27,Beige,11,7,51
20943,,27,Beige,11,7,51
20944,,27,Beige,11,7,51
20945,,27,Beige,11,7,51
20962,,27,Beige,14,4,51
20963,,27,Beige,14,4,51
20964,,27,Beige,14,4,51
20965,,27,Beige,14,4,51
20968,,31,Beige,5,0,60
20969,,31,Beige,5,0,60
20970,,27,Beige,8,8,52
20971,,27,Beige,8,8,52
21006,,9,Beige,43,20,17
21007,,9,Beige,43,20,17
21018,,25,Beige,13,5,46
21019,,25,Beige,13,5,46
21021,,27,Beige,14,5,52
21022,,27,Beige,14,5,52
21027,,28,Beige,9,7,53
21028,,28,Beige,9,7,53
21029,,28,Beige,9,7,53
21030,,28,Beige,9,7,53
21038,,9,Beige,43,20,17
21039,,9,Beige,43,20,17
21041,,9,Beige,43,20,17
21042,,9,Beige,43,20,17
21044,,9,Beige,43,20,17
21045,,9,Beige,43,20,17
21052,,,Beige,66,16,
21053,,,Beige,66,16,
21057,,34,Beige,7,3,54
21058,,34,Beige,7,3,54
21074,,32,Beige,9,4,51
21075,,32,Beige,9,4,51
21080,,21,Beige,16,9,43
21081,,21,Beige,16,9,43
21082,,10,Beige,41,15,19
21083,,10,Beige,41,15,19
21084,,24,Beige,11,12,43
21085,,24,Beige,11,12,43
21087,,20,Beige,8,3,41
21088,,20,Beige,8,3,41
21117,,,Beige,65,16,
21118,,,Beige,65,16,
21122,,8,Marron,41,13,16
21123,,8,Marron,41,13,16
21127,,29,Beige,10,5,54
21128,,29,Beige,10,5,54
21141,,32,Beige,4,0,63
21142,,32,Beige,4,0,63
21143,,27,Beige,11,6,55
21144,,27,Beige,11,6,55
21165,,22,Beige,19,7,45
21166,,22,Beige,19,7,45
21167,,22,Beige,19,7,45
21168,,22,Beige,19,7,45
21169,,22,Beige,19,7,45
21170,,22,Beige,19,7,45
21171,,22,Beige,19,7,45
21172,,22,Beige,19,7,45
21173,,22,Beige,19,7,45
21174,,22,Beige,19,7,45
21175,,22,Beige,19,7,45
21176,,22,Beige,19,7,45
21177,,22,Beige,19,7,45
21178,,22,Beige,19,7,45
21179,,22,Beige,19,7,45
21180,,22,Beige,19,7,45
21181,,22,Beige,19,7,45
21182,,22,Beige,19,7,45
21183,,22,Beige,19,7,45
21184,,22,Beige,19,7,45
21187,,26,Beige,8,8,53
21188,,26,Beige,8,8,53
21189,,28,Marron,7,4,57
21190,,28,Marron,7,4,57
21212,,33,Beige,15,7,40
21213,,33,Beige,15,7,40
21215,,21,Beige,43,0,19
21216,,21,Beige,43,0,19
21219,,33,Beige,15,7,40
21220,,33,Beige,15,7,40
21221,,33,Beige,15,7,40
21222,,33,Beige,15,7,40
21223,,33,Beige,15,7,40
21224,,33,Beige,15,7,40
21225,,33,Beige,15,7,40
21226,,33,Beige,15,7,40
21227,,33,Beige,15,7,40
21228,,33,Beige,15,7,40
21229,,33,Beige,15,7,40
21230,,33,Beige,15,7,40
21231,,33,Beige,15,7,40
21232,,33,Beige,15,7,40
21233,,33,Beige,15,7,40
21234,,33,Beige,15,7,40
21235,,33,Beige,15,7,40
21236,,33,Beige,15,7,40
21237,,24,Beige,17,6,47
21238,,24,Beige,17,6,47
21247,,25,Beige,13,5,49
21248,,25,Beige,13,5,49
21251,,25,Beige,8,7,48
21252,,25,Beige,8,7,48
21257,,,Beige,62,19,
21258,,,Beige,62,19,
21261,,26,Beige,12,5,50
21262,,26,Beige,12,5,50
21263,,26,Beige,12,5,50
21264,,26,Beige,12,5,50
21265,,26,Beige,12,5,50
21266,,26,Beige,12,5,50
21267,,31,Beige,4,0,59
21268,,31,Beige,4,0,59
21272,,26,Beige,12,5,50
21273,,26,Beige,12,5,50
21274,,26,Beige,12,5,50
21275,,26,Beige,12,5,50
21276,,26,Beige,12,5,50
21277,,26,Beige,12,5,50
21279,,26,Beige,12,5,50
21280,,26,Beige,12,5,50
21281,,26,Beige,12,5,50
21282,,26,Beige,12,5,50
21283,,26,Beige,12,5,50
21284,,26,Beige,12,5,50
21285,,26,Beige,12,5,50
21286,,26,Beige,12,5,50
21287,,26,Beige,12,5,50
21288,,26,Beige,12,5,50
21289,,26,Beige,12,5,50
21290,,26,Beige,12,5,50
21293,,27,Beige,11,6,53
21294,,27,Beige,11,6,53
21295,,27,Beige,11,6,53
21296,,27,Beige,11,6,53
21297,,27,Beige,11,6,53
21298,,27,Beige,11,6,53
21299,,27,Beige,11,6,53
21300,,27,Beige,11,6,53
21301,,24,Beige,14,4,47
21302,,24,Beige,14,4,47
21308,,26,Beige,11,5,49
21309,,26,Beige,11,5,49
21311,0,26,Beige,13,6,50
21312,0,26,Beige,13,6,50
21317,,25,Beige,15,5,49
21318,,25,Beige,15,5,49
21325,,26,Beige,14,6,49
21326,,26,Beige,14,6,49
21328,,26,Beige,14,6,49
21329,,26,Beige,14,6,49
21331,,30,Beige,6,0,58
21332,,30,Beige,6,0,58
21333,,30,Beige,4,0,59
21334,,30,Beige,4,0,59
21335,,26,Beige,12,4,51
21336,,26,Beige,12,4,51
21337,,26,Beige,11,3,52
21338,,26,Beige,11,3,52
21339,,24,Beige,16,6,47
21340,,24,Beige,16,6,47
21346,,25,Beige,15,6,47
21347,,25,Beige,15,6,47
21365,,25,Beige,14,4,49
21366,,25,Beige,14,4,49
21375,,32,Beige,6,0,53
21376,,32,Beige,6,0,53
21383,,30,Beige,5,4,57
21384,,30,Beige,5,4,57
21388,,42,Beige,6,0,45
21391,,28,Beige,6,3,55
21392,,28,Beige,6,3,55
21393,,26,Beige,13,5,52
21394,,26,Beige,13,5,52
21397,,42,Beige,6,0,45
21403,,36,Beige,13,5,40
21404,,36,Beige,13,5,40
21405,,36,Beige,13,5,40
21406,,36,Beige,13,5,40
21407,,36,Beige,13,5,40
21408,,36,Beige,13,5,40
21409,,36,Beige,13,5,40
21410,,36,Beige,13,5,40
21411,,36,Beige,13,5,40
21412,,36,Beige,13,5,40
21413,,36,Beige,13,5,40
21414,,36,Beige,13,5,40
21415,,36,Beige,13,5,40
21416,,36,Beige,13,5,40
21417,,36,Beige,13,5,40
21418,,36,Beige,13,5,40
21419,,36,Beige,13,5,40
21420,,36,Beige,13,5,40
21421,,36,Beige,13,5,40
21422,,36,Beige,13,5,40
21425,,25,Beige,9,8,47
21426,,25,Beige,9,8,47
21429,,24,Beige,19,6,45
21430,,24,Beige,19,6,45
21432,,6,Grise,42,18,10
21433,,6,Grise,42,18,10
21439,,30,Beige,7,7,51
21440,,30,Beige,7,7,51
21473,,26,Beige,7,7,50
21474,,26,Beige,7,7,50
21483,,25,Beige,14,7,47
21484,,25,Beige,14,7,47
21485,,25,Beige,14,7,47
21486,,25,Beige,14,7,47
21487,,25,Beige,14,7,47
21488,,25,Beige,14,7,47
21494,,22,Beige,22,9,39
21495,,22,Beige,22,9,39
21496,,26,Beige,13,6,49
21497,,26,Beige,13,6,49
21498,,26,Beige,13,6,49
21499,,26,Beige,13,6,49
21502,,24,Beige,17,5,46
21503,,24,Beige,17,5,46
21506,,37,Beige,15,7,32
21507,,37,Beige,15,7,32
21510,,27,Beige,12,0,58
21511,,27,Beige,12,0,58
21516,,4,Beige,47,18,8
21517,,4,Beige,47,18,8
21521,,29,Beige,5,0,66
21522,,29,Beige,5,0,66
21523,,29,Beige,5,0,66
21524,,29,Beige,5,0,66
21535,,30,Beige,4,0,65
21536,,30,Beige,4,0,65
21538,,22,Beige,15,10,47
21539,,22,Beige,15,10,47
21541,,29,Marron,5,0,63
21542,,29,Marron,5,0,63
21543,,29,Marron,5,0,63
21544,,29,Marron,5,0,63
21548,,29,Beige,7,0,58
21549,,29,Beige,7,0,58
21550,,27,Beige,11,4,54
21551,,27,Beige,11,4,54
21552,,,Beige,50,,
21553,,,Beige,50,,
21559,,27,Marron,11,5,53
21560,,27,Marron,11,5,53
21564,,27,Beige,11,5,55
21565,,27,Beige,11,5,55
21568,,,Beige,50,,
21569,,,Beige,50,,
21579,,30,Beige,4,0,61
21581,,30,Beige,4,0,61
21582,,30,Beige,4,0,61
21585,,25,Marron,12,8,51
21586,,25,Marron,12,8,51
21587,,30,Beige,4,0,61
21700,,31,Beige,4,0,60
21701,,31,Beige,4,0,60
21702,,30,Beige,4,0,61
21703,,30,Beige,4,0,61
21704,,28,Beige,9,4,55
21705,,28,Beige,9,4,55
21708,,28,Beige,7,3,57
21709,,28,Beige,7,3,57
21710,,28,Beige,7,3,57
21711,,28,Beige,7,3,57
21712,,28,Beige,7,3,57
21713,,28,Beige,7,3,57
21714,,28,Beige,7,3,57
21715,,28,Beige,7,3,57
21716,,28,Beige,7,3,57
21717,,28,Beige,7,3,57
21780,,24,Beige,16,7,47
21781,,24,Beige,16,7,47
21829,,30,Beige,5,,61
21830,,30,Beige,5,,61
21831,,28,Beige,9,4,57
21832,,28,Beige,9,4,57
21833,,28,Beige,10,5,57
21834,,28,Beige,10,5,57
21835,,28,Beige,7,8,52
21836,,28,Beige,7,8,52
21893,,26,Beige,10,4,52
21894,,26,Beige,10,4,52
21903,,23,Beige,16,6,46
21904,,23,Beige,16,6,46
21905,,28,Beige,8,4,55
21906,,28,Beige,8,4,55
21907,,28,Beige,8,4,56
21908,,28,Beige,8,4,56
21912,,25,Beige,14,6,49
21913,,25,Beige,14,6,49
21917,,26,Beige,16,6,50
21918,,26,Beige,16,6,50
21931,,18,Beige,20,8,34
21932,,18,Beige,20,8,34
21935,,25,Beige,9,0,54
21936,,25,Beige,9,0,54
21939,,23,Beige,13,7,44
21940,,23,Beige,13,7,44
21941,,26,Beige,9,0,50
21942,,26,Beige,9,0,50
21949,,28,Marron,9,0,54
21950,,28,Marron,9,0,54
21952,,28,Beige,9,4,55
21953,,28,Beige,9,4,55
21954,,28,Beige,9,4,55
21956,,28,Beige,9,4,55
21957,,9,Beige,32,27,13
21959,,26,Beige,11,5,50
21960,,26,Beige,11,5,50
21963,,9,Beige,32,27,13
21984,,23,Beige,8,13,47
21985,,23,Beige,8,13,47
21986,,23,Beige,8,13,47
21987,,23,Beige,8,13,47
21988,,23,Beige,8,13,47
21989,,23,Beige,8,13,47
21990,,23,Beige,8,13,47
21991,,23,Beige,8,13,47
21992,,23,Beige,8,13,47
21993,,23,Beige,8,13,47
22000,,16,Beige,24,11,33
22001,,16,Beige,24,11,33
22004,,19,Beige,9,8,54
22006,,26,Beige,11,5,53
22007,,26,Beige,11,5,53
22009,,19,Beige,9,8,54
22015,,,Beige,57,22,
22016,,,Beige,57,22,
22023,,25,Beige,11,5,53
22024,,25,Beige,11,5,53
22034,,20,Marron,11,18,40
22035,,20,Marron,11,18,40
22043,,28,Beige,9,4,57
22044,,28,Beige,9,4,57
22045,,28,Beige,9,4,57
22046,,28,Beige,9,4,57
22047,,28,Beige,9,4,57
22048,,28,Beige,9,4,57
22049,,28,Beige,9,4,57
22050,,28,Beige,9,4,57
22051,,28,Beige,9,4,57
22052,,28,Beige,9,4,57
22055,,28,Beige,10,4,52
22056,,28,Beige,10,4,52
22057,,28,Beige,10,4,52
22058,,28,Beige,10,4,52
22059,,28,Beige,10,4,52
22060,,28,Beige,10,4,52
22062,,30,Beige,3,0,63
22063,,30,Beige,3,0,63
22071,,8,Beige,26,25,31
22072,,8,Beige,26,25,31
22080,,26,Beige,11,5,53
22081,,26,Beige,11,5,53
22082,,26,Beige,11,5,53
22083,,26,Beige,11,5,53
22084,,30,Beige,7,5,54
22085,,30,Beige,7,5,54
22091,,6,Beige,15,7,62
22092,,6,Beige,15,7,62
22093,,6,Beige,15,7,62
22094,,6,Beige,15,7,62
22095,,6,Beige,15,7,62
22096,,6,Beige,15,7,62
22101,,26,Beige,11,4,49
22102,,26,Beige,11,4,49
22103,,22,Beige,14,9,44
22104,,22,Beige,14,9,44
22110,,12,Marron,36,19,12
22111,,12,Marron,36,19,12
22112,,27,Marron,10,5,53
22113,,27,Marron,10,5,53
22114,,21,Marron,14,10,38
22115,,21,Marron,14,10,38
22123,,23,Beige,16,6,46
22124,,23,Beige,16,6,46
22127,,9,Beige,10,7,62
22128,,9,Beige,10,7,62
22145,,28,Beige,13,8,45
22146,,28,Beige,13,8,45
22150,,,Beige,59,21,
22151,,,Beige,59,21,
22157,,26,Beige,11,7,47
22158,,26,Beige,11,7,47
22160,,26,Beige,13,6,48
22161,,26,Beige,13,6,48
22163,,26,Beige,15,6,49
22164,,26,Beige,15,6,49
22171,,26,Beige,13,6,48
22172,,26,Beige,13,6,48
22173,,26,Beige,13,6,48
22174,,26,Beige,13,6,48
22184,,25,Beige,11,4,48
22185,,25,Beige,11,4,48
22189,,28,Beige,6,3,55
22190,,28,Beige,6,3,55
22199,,14,Beige,11,5,61
22200,,14,Beige,11,5,61
22201,,14,Beige,11,5,61
22202,,14,Beige,11,5,61
22203,,14,Beige,11,5,61
22204,,14,Beige,11,5,61
22205,,14,Beige,11,5,61
22206,,14,Beige,11,5,61
22207,,14,Beige,11,5,61
22208,,14,Beige,11,5,61
22209,,14,Beige,11,5,61
22210,,14,Beige,11,5,61
22211,,14,Beige,11,5,61
22212,,14,Beige,11,5,61
22213,,14,Beige,11,5,61
22214,,14,Beige,11,5,61
22218,,27,Beige,10,5,54
22219,,27,Beige,10,5,54
22220,,27,Beige,10,5,54
22221,,27,Beige,10,5,54
22222,,27,Beige,10,5,54
22223,,27,Beige,10,5,54
22224,,27,Beige,10,5,54
22225,,27,Beige,10,5,54
22226,,27,Beige,10,5,54
22227,,27,Beige,10,5,54
22228,,27,Beige,10,5,54
22229,,27,Beige,10,5,54
22230,,27,Beige,10,5,54
22231,,27,Beige,10,5,54
22232,,27,Beige,10,5,54
22233,,27,Beige,10,5,54
22234,,27,Beige,10,5,54
22235,,27,Beige,10,5,54
22236,,27,Beige,10,5,54
22237,,27,Beige,10,5,54
22240,,27,Beige,10,5,54
22241,,27,Beige,10,5,54
22242,,27,Beige,10,5,54
22243,,27,Beige,10,5,54
22244,,27,Beige,10,5,54
22245,,27,Beige,10,5,54
22246,,27,Beige,10,5,54
22247,,27,Beige,10,5,54
22248,,27,Beige,10,5,54
22249,,27,Beige,10,5,54
22250,,27,Beige,10,5,54
22251,,27,Beige,10,5,54
22252,,27,Beige,10,5,54
22253,,27,Beige,10,5,54
22254,,27,Beige,10,5,54
22255,,27,Beige,10,5,54
22256,,27,Beige,10,5,54
22257,,27,Beige,10,5,54
22258,,27,Beige,10,5,54
22259,,27,Beige,10,5,54
22260,,27,Beige,10,5,54
22261,,27,Beige,10,5,54
22262,,27,Beige,10,5,54
22263,,27,Beige,10,5,54
22265,,7,Marron,38,22,22
22266,,7,Marron,38,22,22
22267,,11,Beige,33,18,22
22268,,11,Beige,33,18,22
22271,,9,Beige,8,7,73
22272,,9,Beige,8,7,73
22276,,9,Beige,8,7,73
22277,,9,Beige,8,7,73
22280,,12,Beige,13,6,66
22281,,12,Beige,13,6,66
22285,,22,Beige,11,6,57
22286,,22,Beige,11,6,57
22287,,22,Beige,11,6,57
22288,,22,Beige,11,6,57
22289,,22,Beige,11,6,57
22290,,22,Beige,11,6,57
22312,,23,Beige,14,8,46
22313,,23,Beige,14,8,46
22314,,23,Beige,14,8,46
22315,,23,Beige,14,8,46
22316,,23,Beige,14,8,46
22317,,23,Beige,14,8,46
22318,,23,Beige,14,8,46
22319,,23,Beige,14,8,46
22320,,23,Beige,14,8,46
22321,,23,Beige,14,8,46
22322,,23,Beige,14,8,46
22323,,23,Beige,14,8,46
22324,,23,Beige,14,8,46
22325,,23,Beige,14,8,46
22326,,23,Beige,14,8,46
22327,,23,Beige,14,8,46
22334,,27,Beige,12,8,53
22336,,27,Beige,12,8,53
22339,,30,Beige,7,3,58
22340,,30,Beige,7,3,58
22341,,27,Beige,15,8,44
22345,,4,Beige,41,25,14
22346,,4,Beige,41,25,14
22347,,27,Beige,15,8,44
22353,,3,Beige,45,23,6
22354,,3,Beige,45,23,6
22357,,27,Beige,6,0,57
22358,,27,Beige,6,0,57
22362,,5,Marron,35,11,25
22363,,5,Marron,35,11,25
22364,,22,Beige,11,6,45
22365,,22,Beige,11,6,45
22366,,28,Beige,6,0,58
22367,,28,Beige,6,0,58
22371,,25,Beige,8,5,49
22372,,25,Beige,8,5,49
22379,,25,Beige,13,4,49
22380,,25,Beige,13,4,49
22384,,22,Beige,12,6,53
22385,,22,Beige,12,6,53
22390,,27,Beige,17,7,40
22391,,27,Beige,17,7,40
22394,,25,Beige,7,4,53
22395,,25,Beige,7,4,53
22397,,14,Beige,9,6,64
22398,,14,Beige,9,6,64
22407,,10,Marron,18,29,14
22408,,10,Marron,18,29,14
22410,,17,Beige,12,7,43
22411,,17,Beige,12,7,43
22414,,34,Beige,6,0,47
22415,,34,Beige,6,0,47
22418,,14,Beige,12,0,55
22419,,14,Beige,12,0,55
22443,,28,Marron,6,4,51
22444,,28,Marron,6,4,51
22446,,25,Marron,12,5,48
22447,,25,Marron,12,5,48
22458,,23,Beige,16,6,46
22459,,23,Beige,16,6,46
22460,,23,Beige,16,6,46
22461,,23,Beige,16,6,46
22462,,23,Beige,16,6,46
22463,,23,Beige,16,6,46
22464,,23,Beige,16,6,46
22465,,23,Beige,16,6,46
22485,,,Marron,48,20,
22486,,,Marron,48,20,
22487,,,Marron,48,20,
22488,,,Marron,48,20,
22493,,26,Beige,15,6,41
22494,,26,Beige,15,6,41
22506,,27,Beige,9,4,51
22507,,27,Beige,9,4,51
22508,,,Beige,53,23,
22509,,,Beige,53,23,
22514,,0,Marron,46,21,0
22515,,0,Marron,46,21,0
22517,,30,Beige,9,4,44
22518,,30,Beige,9,4,44
22522,,23,Beige,17,6,44
22523,,23,Beige,17,6,44
22524,,23,Beige,17,6,44
22525,,23,Beige,17,6,44
22526,,23,Beige,17,6,44
22527,,23,Beige,17,6,44
22528,,23,Beige,17,6,44
22529,,23,Beige,17,6,44
22530,,23,Beige,17,6,44
22531,,23,Beige,17,6,44
22537,,26,Beige,12,8,44
22538,,26,Beige,12,8,44
22542,,0,Marron,54,19,3
22543,,0,Marron,54,19,3
22549,,27,Beige,12,5,52
22550,,27,Beige,12,5,52
22553,,,Beige,44,33,
22554,,,Beige,44,33,
22558,,26,Beige,13,5,50
22559,,26,Beige,13,5,50
22561,,46,Beige,14,11,24
22562,,46,Beige,14,11,24
22566,,26,Marron,6,5,54
22567,,26,Marron,6,5,54
22577,,25,Beige,16,7,38
22578,,25,Beige,16,7,38
22581,,20,Beige,12,6,51
22582,,20,Beige,12,6,51
22583,,26,Beige,13,4,51
22584,,26,Beige,13,4,51
22586,,29,Beige,14,6,45
22587,,29,Beige,14,6,45
22605,,27,Beige,8,4,51
22606,,27,Beige,8,4,51
22612,,31,Beige,11,5,47
22613,,31,Beige,11,5,47
22614,,31,Beige,11,5,47
22615,,31,Beige,11,5,47
22620,,22,Marron,17,7,46
22621,,22,Marron,17,7,46
22624,,27,Beige,17,9,33
22625,,27,Beige,17,9,33
22633,,30,Beige,11,5,50
22634,,30,Beige,11,5,50
22638,,23,Beige,18,7,45
22639,,23,Beige,18,7,45
22640,,23,Beige,18,7,45
22641,,23,Beige,18,7,45
22642,,23,Beige,18,7,45
22643,,23,Beige,18,7,45
22644,,23,Beige,18,7,45
22645,,23,Beige,18,7,45
22646,,23,Beige,18,7,45
22647,,23,Beige,18,7,45
22648,,23,Beige,18,7,45
22649,,23,Beige,18,7,45
22650,,23,Beige,18,7,45
22651,,23,Beige,18,7,45
22656,,34,Beige,11,5,45
22657,,34,Beige,11,5,45
22676,,25,Beige,17,7,43
22677,,25,Beige,17,7,43
22685,,28,Beige,11,4,47
22686,,28,Beige,11,4,47
22689,,26,Beige,20,7,36
22690,,26,Beige,20,7,36
22691,,26,Beige,20,7,36
22692,,26,Beige,20,7,36
22693,,26,Beige,20,7,36
22694,,26,Beige,20,7,36
22710,,27,Beige,16,6,42
22711,,27,Beige,16,6,42
22716,,25,Beige,15,8,44
22717,,25,Beige,15,8,44
22721,,32,Beige,10,5,48
22722,,32,Beige,10,5,48
22726,,10,Beige,35,16,18
22727,,10,Beige,35,16,18
22733,,28,Beige,16,8,43
22734,,24,Beige,13,8,49
22735,,24,Beige,13,8,49
22739,,25,Beige,8,5,54
22740,,25,Beige,8,5,54
22742,,28,Beige,16,8,43
22744,,25,Beige,14,6,48
22745,,25,Beige,14,6,48
22747,,30,Beige,7,3,57
22748,,30,Beige,7,3,57
22753,,28,Beige,14,6,44
22754,,28,Beige,14,6,44
22756,,26,Marron,12,6,49
22757,,26,Marron,12,6,49
22758,,25,Beige,14,7,49
22759,,25,Beige,14,7,49
22760,,22,Beige,15,6,52
22761,,22,Beige,15,6,52
22762,,28,Marron,14,8,47
22763,,28,Marron,14,8,47
22765,,10,Marron,35,19,20
22766,,10,Marron,35,19,20
22767,,24,Marron,15,7,47
22768,,24,Marron,15,7,47
22769,,28,Marron,14,7,45
22770,,28,Marron,14,7,45
22775,,26,Beige,9,5,51
22776,,26,Beige,9,5,51
22784,,26,Beige,9,0,52
22785,,26,Beige,9,0,52
22792,,23,Beige,17,8,46
22793,,23,Beige,17,8,46
22795,,25,Beige,14,0,50
22796,,25,Beige,14,0,50
22797,,28,Beige,13,6,45
22798,,28,Beige,13,6,45
22806,,19,Beige,19,10,38
22807,,19,Beige,19,10,38
22810,,24,Beige,16,7,46
22811,,24,Beige,16,7,46
22819,,27,Beige,10,0,52
22820,,27,Beige,10,0,52
22824,,26,Beige,10,0,50
22825,,26,Beige,10,0,50
22826,,27,Beige,11,0,53
22827,,27,Beige,11,0,53
22832,,31,Beige,8,0,48
22833,,31,Beige,8,0,48
22836,,26,Beige,11,0,50
22837,,26,Beige,11,0,50
22839,,33,Beige,0,,65
22840,,33,Beige,0,,65
22845,,,Beige,54,21,
22846,,,Beige,54,21,
22861,,29,Beige,17,7,40
22862,,29,Beige,17,7,40
22866,,21,Beige,20,7,43
22867,,21,Beige,20,7,43
22870,,25,Beige,9,,52
22871,,25,Beige,9,,52
22873,,25,Beige,9,0,53
22874,,25,Beige,9,0,53
22876,,31,Beige,5,0,55
22877,,31,Beige,5,0,55
22883,,26,Marron,11,6,46
22884,,8,Beige,43,18,12
22885,,8,Beige,43,18,12
22886,,24,Beige,13,6,46
22887,,24,Beige,13,6,46
22888,,22,Marron,11,0,54
22889,,22,Marron,11,0,54
22891,,22,Beige,6,6,39
22892,,22,Beige,6,6,39
22898,,26,Marron,11,6,46
22904,,24,Beige,15,0,46
22905,,24,Beige,15,0,46
22909,,20,Beige,21,6,40
22910,,20,Beige,21,6,40
22914,,23,Beige,17,7,45
22915,,23,Beige,17,7,45
22918,,23,Beige,18,7,46
22919,,23,Beige,18,7,46
22925,,24,Beige,12,7,45
22926,,24,Beige,12,7,45
22927,,,Beige,54,19,
22928,,,Beige,54,19,
22929,,37,Beige,14,0,36
22930,,37,Beige,14,0,36
22932,,24,Marron,12,0,50
22933,,24,Marron,12,0,50
22938,,12,Marron,33,14,22
22939,,12,Marron,33,14,22
22942,,27,Marron,9,0,51
22943,,27,Marron,9,0,51
22944,,29,Marron,6,0,57
22951,,19,Beige,22,8,39
22952,,19,Beige,22,8,39
22955,,0,Beige,12,0,79
22956,,0,Beige,12,0,79
22958,,27,Beige,7,0,64
22960,,27,Beige,7,0,64
22961,,21,Marron,22,8,42
22962,,21,Marron,22,8,42
22963,,25,Marron,10,6,50
22964,,25,Marron,10,6,50
22965,,27,Beige,11,0,55
22966,,27,Beige,11,0,55
22972,,21,Beige,19,9,43
22973,,21,Beige,19,9,43
22992,,25,Beige,17,5,51
22993,,25,Beige,17,5,51
23000,,26,Beige,13,6,52
23001,,26,Beige,13,6,52
23003,,24,Beige,16,6,47
23004,,24,Beige,16,6,47
23005,,24,Beige,16,6,48
23006,,24,Beige,16,6,48
23019,,19,Marron,17,9,46
23020,,19,Marron,17,9,46
23027,,23,Beige,19,6,44
23028,,23,Beige,19,6,44
23030,,30,Beige,11,0,48
23031,,30,Beige,11,0,48
23032,,0,Beige,31,16,0
23033,,0,Beige,31,16,0
23034,,29,Beige,8,0,57
23035,,29,Beige,8,0,57
23039,,19,Beige,22,7,35
23040,,19,Beige,22,7,35
23043,,24,Beige,11,6,44
23044,,24,Beige,11,6,44
23049,,24,Beige,15,0,48
23050,,24,Beige,15,0,48
23054,,34,Beige,50,10,
23055,,34,Beige,50,10,
23059,,23,Beige,27,12,32
23060,,23,Beige,27,12,32
23062,,7,Marron,20,7,56
23063,,7,Marron,20,7,56
23070,,28,Beige,9,0,55
23071,,28,Beige,9,0,55
23078,,24,Beige,13,0,55
23079,,24,Beige,13,0,55
23082,,30,Beige,5,0,59
23083,,30,Beige,5,0,59
23086,,28,Beige,14,7,47
23087,,28,Beige,14,7,47
23091,,18,Beige,25,12,35
23092,,18,Beige,25,12,35
23099,,21,Beige,18,9,44
23100,,21,Beige,18,9,44
23102,,34,Beige,15,7,49
23103,,34,Beige,15,7,49
23106,,23,Beige,17,8,45
23107,,23,Beige,17,8,45
23112,,25,Marron,19,9,39
23113,,25,Marron,19,9,39
23116,,25,Beige,13,6,49
23117,,25,Beige,13,6,49
23118,,32,Beige,13,5,46
23119,,32,Beige,13,5,46
23125,,23,Beige,17,10,45
23126,,23,Beige,17,10,45
23130,,27,Beige,11,0,56
23131,,27,Beige,11,0,56
23132,,21,Beige,22,8,41
23133,,21,Beige,22,8,41
23138,,22,Beige,20,7,42
23139,,22,Beige,20,7,42
23140,,28,Beige,6,0,56
23141,,28,Beige,6,0,56
23144,,0,Marron,40,24,0
23145,,0,Marron,40,24,0
23152,,21,Beige,18,8,44
23153,,21,Beige,18,8,44
23160,,26,Beige,11,0,54
23161,,26,Beige,11,0,54
23162,,,Beige,53,29,
23163,,,Beige,53,29,
23166,,24,Marron,17,6,45
23167,,24,Marron,17,6,45
23170,,28,Beige,8,0,55
23171,,28,Beige,8,0,55
23174,,25,Beige,8,0,48
23175,,25,Beige,8,0,48
23178,,22,Beige,19,8,40
23179,,22,Beige,19,8,40
23182,,24,Beige,16,6,46
23183,,24,Beige,16,6,46
23186,,28,Beige,8,0,55
23187,,28,Beige,8,0,55
23191,,22,Beige,18,8,43
23192,,22,Beige,18,8,43
23198,,29,Beige,8,0,57
23199,,29,Beige,8,0,57
23206,,29,Beige,11,0,55
23207,,29,Beige,11,0,55
23214,,26,Beige,10,0,52
23215,,26,Beige,10,0,52
23221,,29,Beige,10,0,56
23222,,29,Beige,10,0,56
23230,,23,Beige,18,7,49
23231,,23,Beige,18,7,49
23236,,29,Beige,7,0,54
23237,,29,Beige,7,0,54
23240,,,Beige,64,18,
23241,,,Beige,64,18,
23246,,20,Beige,19,11,33
23247,,20,Beige,19,11,33
23431,,23.4,Beige,13.1,7.7,49.4
23434,,23.4,Beige,13.1,7.7,49.4
23598,,20,Beige,10,,50
23617,,,Beige,15,,
23620,,,Noir,15,25,
23758,,,Beige,15,,
23759,,,Beige,15,,
23760,,,Beige,15,,
23761,,,Beige,15,,
23762,,,Beige,15,,
23763,,,Beige,15,,
23764,,,Beige,15,,
23765,,,Beige,15,,
23766,,,Beige,15,,
23767,,,Beige,15,,
23768,,,Beige,15,,
23769,,,Beige,15,,
23770,,,Beige,15,,
23771,,,Beige,15,,
23772,,,Beige,,,
23852,,,Beige,10,,
23853,,,Beige,,,
23854,,,Beige,9,,
23867,,,Beige,39.2,,
23868,,,Beige,11.5,,
23869,,,Beige,72.6,,
23870,,,Beige,39.2,,
23871,,,Beige,10,,
23872,,,Beige,10,,
23873,,,Beige,10,,
23874,,,Beige,10,,
23883,,,Beige,15,,
23884,,,Beige,15,,
23885,,,Beige,15,,
23886,,,Beige,15,,
23887,,,Beige,15,,
23888,,,Beige,15,,
23889,,,Beige,10,,
23903,,,Beige,15,,
23904,,,Beige,15,,
23905,,,Beige,39.2,,
23910,,,Beige,39.2,,
23911,,,Beige,11.5,,
